Item_Store_ID,Target
DRA59_BABATUNJI010,1141.28
DRA59_BABATUNJI013,7548.84
DRB01_BABATUNJI013,7753.63
DRB13_BABATUNJI010,1174.61
DRB13_BABATUNJI013,7683.47
DRB25_BABATUNJI017,4270.57
DRB25_BABATUNJI027,7045.02
DRB25_BABATUNJI035,4223.82
DRB48_BABATUNJI017,1317.6
DRB48_BABATUNJI027,2950.67
DRB48_BABATUNJI035,1447.24
DRB48_BABATUNJI046,1455.59
DRB48_BABATUNJI049,1415.08
DRC01_BABATUNJI017,1809.08
DRC01_BABATUNJI018,1440.9
DRC01_BABATUNJI027,3461.85
DRC01_BABATUNJI045,1876.9
DRC01_BABATUNJI046,1806.71
DRC13_BABATUNJI035,4989.85
DRC13_BABATUNJI045,4902.09
DRC25_BABATUNJI018,2839.91
DRC25_BABATUNJI019,484.46
DRC25_BABATUNJI027,5885.05
DRC25_BABATUNJI045,3356.31
DRC25_BABATUNJI046,3403.97
DRC27_BABATUNJI010,1533.43
DRC27_BABATUNJI018,8768.82
DRC27_BABATUNJI049,9977.95
DRC36_BABATUNJI013,7036.44
DRD01_BABATUNJI017,2096.72
DRD01_BABATUNJI018,1761.98
DRD01_BABATUNJI035,2143.79
DRD01_BABATUNJI045,2144.66
DRD01_BABATUNJI049,2057.37
DRD12_BABATUNJI017,3575.14
DRD12_BABATUNJI018,3099.73
DRD12_BABATUNJI027,6010.97
DRD12_BABATUNJI035,3671.73
DRD12_BABATUNJI045,3611.18
DRD12_BABATUNJI046,3562.85
DRD13_BABATUNJI017,2382.45
DRD13_BABATUNJI018,2099.95
DRD13_BABATUNJI027,4475.03
DRD13_BABATUNJI035,2368.37
DRD13_BABATUNJI045,2535.97
DRD13_BABATUNJI049,2555.42
DRD15_BABATUNJI010,1451.65
DRD15_BABATUNJI013,9508.55
DRD15_BABATUNJI046,9406.87
DRD15_BABATUNJI049,9375.35
DRD24_BABATUNJI027,9246.12
DRD25_BABATUNJI027,7490.51
DRD25_BABATUNJI035,4456.09
DRD25_BABATUNJI045,4493.45
DRD27_BABATUNJI017,3914.75
DRD27_BABATUNJI019,565.29
DRD27_BABATUNJI045,3880.68
DRD37_BABATUNJI017,1636.95
DRD37_BABATUNJI018,1374.28
DRD37_BABATUNJI045,1773.76
DRD37_BABATUNJI046,1699.56
DRD37_BABATUNJI049,1717.09
DRD49_BABATUNJI046,9591.73
DRD60_BABATUNJI013,7374.11
DRE01_BABATUNJI010,1509.46
DRE01_BABATUNJI046,9764.51
DRE03_BABATUNJI017,1694.8
DRE03_BABATUNJI018,1452.41
DRE03_BABATUNJI035,1682.32
DRE03_BABATUNJI045,1688.35
DRE03_BABATUNJI046,1848.71
DRE03_BABATUNJI049,1778.24
DRE12_BABATUNJI027,7465.75
DRE12_BABATUNJI035,4456.09
DRE12_BABATUNJI045,4431.36
DRE13_BABATUNJI027,5837.36
DRE13_BABATUNJI035,3455.24
DRE13_BABATUNJI045,3378.45
DRE13_BABATUNJI049,3439.87
DRE15_BABATUNJI017,2934.71
DRE15_BABATUNJI018,2543.6
DRE15_BABATUNJI019,399.12
DRE15_BABATUNJI027,5065.39
DRE15_BABATUNJI045,2931.87
DRE15_BABATUNJI046,3051.24
DRE25_BABATUNJI017,3616.99
DRE25_BABATUNJI027,6321.01
DRE25_BABATUNJI035,3629.91
DRE27_BABATUNJI035,3832.24
DRE27_BABATUNJI045,3887.66
DRE48_BABATUNJI013,8039.17
DRE48_BABATUNJI046,7996.54
DRE60_BABATUNJI013,9197.74
DRF03_BABATUNJI018,1139.53
DRF03_BABATUNJI027,2914.92
DRF03_BABATUNJI035,1397.9
DRF03_BABATUNJI045,1412.94
DRF03_BABATUNJI046,1586.66
DRF03_BABATUNJI049,1604.43
DRF25_BABATUNJI019,114.71
DRF25_BABATUNJI027,2765.4
DRF25_BABATUNJI035,1276.1
DRF25_BABATUNJI045,1337.64
DRF25_BABATUNJI046,1268.39
DRF25_BABATUNJI049,1278.48
DRF36_BABATUNJI010,1180.72
DRF37_BABATUNJI013,10647.68
DRF37_BABATUNJI018,9379.3
DRF37_BABATUNJI035,10639.61
DRF37_BABATUNJI045,10642.26
DRF49_BABATUNJI035,4558.28
DRF49_BABATUNJI045,4529.21
DRF51_BABATUNJI018,1053.82
DRF51_BABATUNJI045,1355.8
DRF51_BABATUNJI046,1341.04
DRF60_BABATUNJI018,8474.7
DRF60_BABATUNJI049,9696.31
DRG01_BABATUNJI019,425.36
DRG01_BABATUNJI027,5100.72
DRG01_BABATUNJI035,2977.29
DRG01_BABATUNJI046,2962.55
DRG11_BABATUNJI045,4310.11
DRG15_BABATUNJI017,2400.88
DRG15_BABATUNJI035,2265.08
DRG15_BABATUNJI045,2366.09
DRG15_BABATUNJI046,2420.24
DRG15_BABATUNJI049,2311.29
DRG25_BABATUNJI013,7533.64
DRG27_BABATUNJI018,1203.97
DRG27_BABATUNJI019,160.98
DRG27_BABATUNJI045,1425.54
DRG27_BABATUNJI046,1528.0
DRG27_BABATUNJI049,1499.91
DRG36_BABATUNJI013,6962.21
DRG39_BABATUNJI018,1570.74
DRG39_BABATUNJI046,1987.9
DRG39_BABATUNJI049,2100.74
DRG49_BABATUNJI010,1519.82
DRG49_BABATUNJI018,8637.4
DRH03_BABATUNJI018,3144.54
DRH03_BABATUNJI019,519.86
DRH03_BABATUNJI035,3609.09
DRH11_BABATUNJI027,3935.54
DRH11_BABATUNJI045,2119.54
DRH11_BABATUNJI049,2061.54
DRH13_BABATUNJI019,629.92
DRH13_BABATUNJI045,4209.35
DRH15_BABATUNJI018,1231.71
DRH15_BABATUNJI019,173.86
DRH15_BABATUNJI046,1562.86
DRH23_BABATUNJI017,2020.53
DRH23_BABATUNJI019,261.07
DRH23_BABATUNJI045,2153.04
DRH23_BABATUNJI049,2128.26
DRH25_BABATUNJI017,1883.82
DRH25_BABATUNJI027,3571.96
DRH25_BABATUNJI035,1962.15
DRH25_BABATUNJI045,1967.59
DRH36_BABATUNJI017,2903.85
DRH36_BABATUNJI019,386.69
DRH36_BABATUNJI035,2876.99
DRH36_BABATUNJI045,2884.65
DRH36_BABATUNJI046,2904.29
DRH39_BABATUNJI017,2891.21
DRH39_BABATUNJI019,407.49
DRH39_BABATUNJI027,5169.14
DRH39_BABATUNJI046,3087.34
DRH39_BABATUNJI049,3072.84
DRH49_BABATUNJI018,2782.55
DRH49_BABATUNJI019,456.63
DRH49_BABATUNJI046,3332.21
DRH51_BABATUNJI019,504.19
DRH51_BABATUNJI027,5996.56
DRH51_BABATUNJI035,3537.09
DRH51_BABATUNJI049,3558.47
DRH59_BABATUNJI046,2932.26
DRH59_BABATUNJI049,2851.6
DRI01_BABATUNJI013,6963.54
DRI03_BABATUNJI013,7222.72
DRI11_BABATUNJI027,7490.26
DRI11_BABATUNJI035,4613.5
DRI11_BABATUNJI045,4675.3
DRI13_BABATUNJI013,8868.89
DRI13_BABATUNJI018,7755.39
DRI13_BABATUNJI046,8756.83
DRI25_BABATUNJI017,2130.58
DRI25_BABATUNJI027,3972.96
DRI25_BABATUNJI045,2098.61
DRI25_BABATUNJI046,2161.75
DRI25_BABATUNJI049,2190.79
DRI37_BABATUNJI017,2203.85
DRI37_BABATUNJI018,1785.86
DRI37_BABATUNJI027,4105.88
DRI37_BABATUNJI046,2267.49
DRI37_BABATUNJI049,2321.29
DRI39_BABATUNJI017,2055.75
DRI39_BABATUNJI018,1710.3
DRI39_BABATUNJI027,3862.7
DRI39_BABATUNJI035,2182.89
DRI49_BABATUNJI018,2728.78
DRI49_BABATUNJI035,3209.48
DRI49_BABATUNJI045,3258.07
DRI49_BABATUNJI046,3251.95
DRJ11_BABATUNJI010,1180.75
DRJ11_BABATUNJI013,7664.31
DRJ23_BABATUNJI010,1182.72
DRJ23_BABATUNJI013,7639.54
DRJ24_BABATUNJI010,1143.92
DRJ24_BABATUNJI013,7565.36
DRJ25_BABATUNJI017,1864.17
DRJ25_BABATUNJI018,1414.41
DRJ25_BABATUNJI045,1780.47
DRJ25_BABATUNJI049,1869.94
DRJ35_BABATUNJI017,2300.95
DRJ35_BABATUNJI046,2371.67
DRJ39_BABATUNJI013,8848.2
DRJ39_BABATUNJI018,7755.25
DRJ39_BABATUNJI046,8894.02
DRJ47_BABATUNJI013,7028.32
DRJ49_BABATUNJI045,5091.66
DRJ51_BABATUNJI013,9299.98
DRJ51_BABATUNJI049,9375.52
DRJ59_BABATUNJI027,2871.42
DRJ59_BABATUNJI045,1476.11
DRJ59_BABATUNJI046,1507.22
DRJ59_BABATUNJI049,1449.89
DRK01_BABATUNJI017,3731.75
DRK01_BABATUNJI018,3138.24
DRK01_BABATUNJI035,3768.65
DRK01_BABATUNJI045,3720.39
DRK12_BABATUNJI017,1088.44
DRK12_BABATUNJI018,820.0
DRK12_BABATUNJI027,2388.37
DRK12_BABATUNJI035,1152.72
DRK12_BABATUNJI045,1185.11
DRK12_BABATUNJI049,1189.37
DRK13_BABATUNJI013,8052.85
DRK13_BABATUNJI046,8070.85
DRK23_BABATUNJI013,10371.41
DRK23_BABATUNJI018,9051.55
DRK23_BABATUNJI049,10247.16
DRK35_BABATUNJI017,1409.67
DRK35_BABATUNJI019,116.45
DRK35_BABATUNJI027,2792.41
DRK35_BABATUNJI035,1285.88
DRK35_BABATUNJI045,1393.61
DRK35_BABATUNJI046,1395.55
DRK35_BABATUNJI049,1422.11
DRK37_BABATUNJI010,1183.79
DRK39_BABATUNJI017,3276.89
DRK39_BABATUNJI027,5626.41
DRK39_BABATUNJI046,3272.56
DRK39_BABATUNJI049,3270.12
DRK47_BABATUNJI013,9369.58
DRK47_BABATUNJI018,8188.6
DRK47_BABATUNJI046,9261.98
DRK47_BABATUNJI049,9295.11
DRK49_BABATUNJI017,1395.23
DRK49_BABATUNJI019,148.31
DRK49_BABATUNJI027,2989.92
DRK49_BABATUNJI035,1490.5
DRK49_BABATUNJI046,1502.86
DRK49_BABATUNJI049,1566.81
DRK59_BABATUNJI010,1470.8
DRK59_BABATUNJI018,8318.95
DRL01_BABATUNJI010,1461.13
DRL01_BABATUNJI013,9477.13
DRL01_BABATUNJI049,9513.25
DRL23_BABATUNJI035,4178.13
DRL23_BABATUNJI045,4245.15
DRL35_BABATUNJI017,1516.81
DRL35_BABATUNJI027,3050.15
DRL35_BABATUNJI035,1568.93
DRL35_BABATUNJI045,1600.39
DRL35_BABATUNJI049,1611.29
DRL37_BABATUNJI017,1482.85
DRL37_BABATUNJI018,1285.96
DRL37_BABATUNJI027,3206.33
DRL37_BABATUNJI035,1514.24
DRL37_BABATUNJI045,1562.61
DRL37_BABATUNJI049,1657.26
DRL47_BABATUNJI027,8371.27
DRL47_BABATUNJI045,4970.81
DRL59_BABATUNJI019,249.83
DRL59_BABATUNJI035,2083.71
DRM11_BABATUNJI013,10571.85
DRM11_BABATUNJI018,9315.73
DRM11_BABATUNJI046,10537.86
DRM23_BABATUNJI013,7009.11
DRM37_BABATUNJI010,1224.42
DRM37_BABATUNJI013,8018.57
DRM47_BABATUNJI010,1175.48
DRM48_BABATUNJI027,2881.92
DRM48_BABATUNJI045,1407.56
DRM48_BABATUNJI046,1317.22
DRM48_BABATUNJI049,1331.39
DRM49_BABATUNJI017,1662.4
DRM49_BABATUNJI035,1725.87
DRM49_BABATUNJI045,1647.9
DRM49_BABATUNJI049,1629.34
DRN35_BABATUNJI018,909.62
DRN35_BABATUNJI035,1235.32
DRN35_BABATUNJI046,1378.78
DRN35_BABATUNJI049,1371.9
DRN36_BABATUNJI019,549.04
DRN36_BABATUNJI027,6362.2
DRN36_BABATUNJI035,3765.82
DRN36_BABATUNJI045,3725.87
DRN37_BABATUNJI013,6825.61
DRN47_BABATUNJI010,1102.65
DRN47_BABATUNJI013,7328.79
DRN59_BABATUNJI017,1734.48
DRN59_BABATUNJI027,3320.75
DRN59_BABATUNJI045,1694.06
DRN59_BABATUNJI049,1721.27
DRO35_BABATUNJI045,4636.6
DRO47_BABATUNJI035,4447.79
DRO59_BABATUNJI017,2989.5
DRO59_BABATUNJI019,421.3
DRO59_BABATUNJI045,2927.7
DRO59_BABATUNJI049,2978.69
DRP35_BABATUNJI027,8290.73
DRP35_BABATUNJI045,5102.72
DRP47_BABATUNJI013,10287.34
DRP47_BABATUNJI046,10209.75
DRP47_BABATUNJI049,10216.59
DRQ35_BABATUNJI027,8056.45
DRQ35_BABATUNJI035,5013.34
DRQ35_BABATUNJI045,4950.33
DRY23_BABATUNJI017,1480.14
DRY23_BABATUNJI019,160.23
DRY23_BABATUNJI027,3114.88
DRY23_BABATUNJI035,1570.45
DRY23_BABATUNJI046,1674.6
DRY23_BABATUNJI049,1600.25
DRZ11_BABATUNJI027,8093.53
DRZ11_BABATUNJI045,4933.81
DRZ24_BABATUNJI027,7970.17
DRZ24_BABATUNJI045,4863.76
FDA01_BABATUNJI017,2284.21
FDA01_BABATUNJI018,1865.15
FDA01_BABATUNJI027,4087.18
FDA01_BABATUNJI035,2229.02
FDA01_BABATUNJI045,2200.42
FDA01_BABATUNJI046,2284.19
FDA04_BABATUNJI013,10550.21
FDA04_BABATUNJI018,9235.27
FDA04_BABATUNJI035,10539.24
FDA04_BABATUNJI046,10388.38
FDA04_BABATUNJI049,10390.82
FDA07_BABATUNJI027,8085.37
FDA07_BABATUNJI035,4829.92
FDA07_BABATUNJI045,4936.62
FDA10_BABATUNJI027,8005.03
FDA10_BABATUNJI035,4867.18
FDA11_BABATUNJI017,3719.15
FDA11_BABATUNJI018,3130.75
FDA11_BABATUNJI027,6341.6
FDA11_BABATUNJI045,3786.85
FDA13_BABATUNJI017,1367.2
FDA13_BABATUNJI018,1031.06
FDA13_BABATUNJI019,135.91
FDA13_BABATUNJI027,2929.92
FDA13_BABATUNJI035,1294.3
FDA13_BABATUNJI045,1347.39
FDA13_BABATUNJI049,1413.74
FDA15_BABATUNJI010,1552.42
FDA15_BABATUNJI013,10200.45
FDA15_BABATUNJI018,8889.14
FDA15_BABATUNJI049,10091.22
FDA16_BABATUNJI018,7846.09
FDA16_BABATUNJI046,8865.59
FDA20_BABATUNJI013,7521.24
FDA21_BABATUNJI013,7486.87
FDA23_BABATUNJI017,4027.84
FDA23_BABATUNJI027,6748.12
FDA23_BABATUNJI035,3933.24
FDA25_BABATUNJI017,4111.69
FDA25_BABATUNJI018,3462.22
FDA25_BABATUNJI035,4149.39
FDA25_BABATUNJI045,4166.74
FDA26_BABATUNJI013,8893.35
FDA26_BABATUNJI018,7820.76
FDA27_BABATUNJI018,9147.69
FDA27_BABATUNJI046,10371.23
FDA27_BABATUNJI049,10257.72
FDA28_BABATUNJI027,8260.09
FDA32_BABATUNJI010,1340.34
FDA32_BABATUNJI018,7692.33
FDA32_BABATUNJI046,8715.12
FDA34_BABATUNJI013,6974.48
FDA35_BABATUNJI027,8042.11
FDA36_BABATUNJI013,7573.63
FDA37_BABATUNJI035,5015.99
FDA38_BABATUNJI013,9818.7
FDA38_BABATUNJI018,8510.79
FDA38_BABATUNJI049,9647.99
FDA39_BABATUNJI017,1389.79
FDA39_BABATUNJI018,1127.09
FDA39_BABATUNJI027,2800.66
FDA39_BABATUNJI035,1459.86
FDA39_BABATUNJI046,1493.31
FDA39_BABATUNJI049,1444.37
FDA40_BABATUNJI017,3430.86
FDA40_BABATUNJI035,3437.06
FDA40_BABATUNJI046,3507.58
FDA40_BABATUNJI049,3463.23
FDA43_BABATUNJI010,1212.73
FDA43_BABATUNJI013,7989.88
FDA44_BABATUNJI017,2076.92
FDA44_BABATUNJI018,1698.96
FDA44_BABATUNJI027,4043.54
FDA44_BABATUNJI035,2199.67
FDA44_BABATUNJI045,2166.93
FDA44_BABATUNJI049,2262.97
FDA45_BABATUNJI013,7124.72
FDA46_BABATUNJI013,7937.61
FDA48_BABATUNJI046,8945.06
FDA49_BABATUNJI019,500.21
FDA49_BABATUNJI027,5887.04
FDA49_BABATUNJI035,3480.25
FDA49_BABATUNJI046,3488.32
FDA49_BABATUNJI049,3460.58
FDA50_BABATUNJI017,3744.17
FDA50_BABATUNJI019,566.24
FDA50_BABATUNJI027,6552.22
FDA50_BABATUNJI035,3755.99
FDA51_BABATUNJI027,7488.28
FDA52_BABATUNJI013,7224.05
FDA55_BABATUNJI013,9051.67
FDA55_BABATUNJI018,8012.06
FDA56_BABATUNJI027,8124.42
FDA56_BABATUNJI045,4789.22
FDA57_BABATUNJI027,2904.67
FDA57_BABATUNJI045,1506.86
FDA58_BABATUNJI013,9509.69
FDA58_BABATUNJI046,9528.79
FDB02_BABATUNJI013,7149.56
FDB03_BABATUNJI013,9798.28
FDB03_BABATUNJI018,8510.79
FDB03_BABATUNJI046,9736.37
FDB03_BABATUNJI049,9720.22
FDB04_BABATUNJI017,3514.95
FDB04_BABATUNJI019,497.85
FDB04_BABATUNJI027,5984.15
FDB04_BABATUNJI035,3474.58
FDB04_BABATUNJI045,3510.07
FDB04_BABATUNJI046,3482.68
FDB05_BABATUNJI046,9938.27
FDB05_BABATUNJI049,9989.8
FDB10_BABATUNJI018,8355.22
FDB10_BABATUNJI049,9471.63
FDB11_BABATUNJI013,9106.28
FDB12_BABATUNJI035,4093.87
FDB14_BABATUNJI018,3185.74
FDB14_BABATUNJI019,523.37
FDB14_BABATUNJI027,6128.65
FDB14_BABATUNJI035,3721.52
FDB14_BABATUNJI045,3685.82
FDB15_BABATUNJI010,1639.66
FDB15_BABATUNJI013,10768.18
FDB15_BABATUNJI018,9421.22
FDB15_BABATUNJI035,10714.53
FDB15_BABATUNJI046,10619.04
FDB15_BABATUNJI049,10648.91
FDB16_BABATUNJI035,3480.25
FDB16_BABATUNJI045,3453.34
FDB16_BABATUNJI046,3401.15
FDB16_BABATUNJI049,3551.68
FDB17_BABATUNJI010,1114.81
FDB17_BABATUNJI013,7334.08
FDB20_BABATUNJI017,3082.2
FDB20_BABATUNJI035,3116.47
FDB20_BABATUNJI045,3006.92
FDB20_BABATUNJI049,3036.81
FDB21_BABATUNJI018,8602.5
FDB23_BABATUNJI013,9231.99
FDB23_BABATUNJI018,8041.13
FDB26_BABATUNJI017,2008.0
FDB26_BABATUNJI027,3885.9
FDB26_BABATUNJI035,1976.09
FDB26_BABATUNJI045,1981.5
FDB26_BABATUNJI046,1961.31
FDB27_BABATUNJI010,1231.56
FDB27_BABATUNJI046,7886.96
FDB28_BABATUNJI010,1222.26
FDB28_BABATUNJI013,7959.54
FDB29_BABATUNJI035,4585.8
FDB29_BABATUNJI045,4606.32
FDB32_BABATUNJI017,3737.29
FDB32_BABATUNJI018,3139.44
FDB32_BABATUNJI019,532.24
FDB32_BABATUNJI027,6349.79
FDB32_BABATUNJI035,3707.53
FDB34_BABATUNJI017,3369.28
FDB34_BABATUNJI018,2833.6
FDB34_BABATUNJI027,5899.46
FDB34_BABATUNJI035,3384.36
FDB34_BABATUNJI045,3428.38
FDB34_BABATUNJI049,3444.01
FDB35_BABATUNJI017,3645.05
FDB35_BABATUNJI018,3158.32
FDB35_BABATUNJI019,528.06
FDB35_BABATUNJI045,3663.71
FDB35_BABATUNJI046,3561.35
FDB36_BABATUNJI027,8718.7
FDB37_BABATUNJI013,9798.28
FDB37_BABATUNJI046,9768.53
FDB37_BABATUNJI049,9712.2
FDB39_BABATUNJI017,2095.37
FDB39_BABATUNJI019,273.29
FDB39_BABATUNJI035,2192.79
FDB39_BABATUNJI045,2214.48
FDB39_BABATUNJI049,2176.95
FDB41_BABATUNJI018,1456.19
FDB41_BABATUNJI019,183.72
FDB41_BABATUNJI035,1774.79
FDB41_BABATUNJI045,1805.79
FDB41_BABATUNJI046,1819.43
FDB44_BABATUNJI013,8507.75
FDB44_BABATUNJI046,8486.2
FDB45_BABATUNJI019,622.36
FDB45_BABATUNJI045,4105.88
FDB47_BABATUNJI013,8503.64
FDB49_BABATUNJI018,3332.79
FDB49_BABATUNJI019,566.94
FDB49_BABATUNJI045,3886.33
FDB50_BABATUNJI017,3002.15
FDB50_BABATUNJI018,2562.4
FDB50_BABATUNJI045,3002.75
FDB50_BABATUNJI046,3138.57
FDB50_BABATUNJI049,3020.21
FDB51_BABATUNJI017,2452.94
FDB51_BABATUNJI018,1940.33
FDB51_BABATUNJI035,2438.25
FDB51_BABATUNJI045,2325.6
FDB51_BABATUNJI046,2384.02
FDB52_BABATUNJI013,10422.89
FDB52_BABATUNJI018,9172.95
FDB52_BABATUNJI049,10389.7
FDB56_BABATUNJI013,7584.53
FDB57_BABATUNJI013,9033.96
FDB57_BABATUNJI046,8915.35
FDB59_BABATUNJI046,8038.4
FDB60_BABATUNJI010,1213.59
FDB60_BABATUNJI013,7954.1
FDC02_BABATUNJI010,1609.11
FDC02_BABATUNJI013,10600.33
FDC02_BABATUNJI018,9261.66
FDC02_BABATUNJI046,10429.73
FDC03_BABATUNJI013,7853.81
FDC04_BABATUNJI018,8649.56
FDC04_BABATUNJI049,9793.71
FDC08_BABATUNJI010,1425.59
FDC08_BABATUNJI013,9201.84
FDC08_BABATUNJI046,9108.91
FDC08_BABATUNJI049,9230.92
FDC09_BABATUNJI018,3467.15
FDC09_BABATUNJI045,4002.19
FDC10_BABATUNJI027,7924.67
FDC10_BABATUNJI035,4730.52
FDC11_BABATUNJI018,3036.01
FDC11_BABATUNJI027,5917.84
FDC11_BABATUNJI046,3554.55
FDC14_BABATUNJI017,1426.31
FDC14_BABATUNJI018,1167.28
FDC14_BABATUNJI019,171.63
FDC14_BABATUNJI027,3010.66
FDC14_BABATUNJI046,1504.2
FDC14_BABATUNJI049,1589.05
FDC16_BABATUNJI017,3328.73
FDC16_BABATUNJI018,2823.7
FDC16_BABATUNJI027,5938.95
FDC16_BABATUNJI035,3377.52
FDC16_BABATUNJI045,3342.49
FDC16_BABATUNJI046,3493.97
FDC16_BABATUNJI049,3420.64
FDC17_BABATUNJI013,8591.27
FDC17_BABATUNJI046,8560.32
FDC20_BABATUNJI017,2129.22
FDC20_BABATUNJI018,1741.89
FDC20_BABATUNJI019,258.64
FDC20_BABATUNJI035,2167.62
FDC20_BABATUNJI045,2185.18
FDC20_BABATUNJI046,2068.49
FDC21_BABATUNJI017,4380.78
FDC21_BABATUNJI019,635.4
FDC22_BABATUNJI013,7924.08
FDC26_BABATUNJI035,4344.06
FDC28_BABATUNJI017,4338.91
FDC28_BABATUNJI019,645.72
FDC28_BABATUNJI027,7152.28
FDC28_BABATUNJI045,4350.04
FDC29_BABATUNJI027,7455.11
FDC29_BABATUNJI035,4482.14
FDC32_BABATUNJI019,521.52
FDC32_BABATUNJI027,6087.44
FDC32_BABATUNJI035,3710.53
FDC32_BABATUNJI045,3612.51
FDC33_BABATUNJI013,7936.12
FDC33_BABATUNJI046,7935.67
FDC35_BABATUNJI010,1295.98
FDC35_BABATUNJI013,8343.4
FDC35_BABATUNJI046,8433.74
FDC37_BABATUNJI019,630.36
FDC39_BABATUNJI013,8494.1
FDC40_BABATUNJI017,2955.79
FDC40_BABATUNJI018,2581.19
FDC40_BABATUNJI035,2966.09
FDC40_BABATUNJI049,3144.7
FDC41_BABATUNJI017,2933.36
FDC41_BABATUNJI019,413.93
FDC41_BABATUNJI027,5231.33
FDC41_BABATUNJI046,3074.87
FDC41_BABATUNJI049,3089.44
FDC44_BABATUNJI027,7642.95
FDC44_BABATUNJI045,4554.03
FDC46_BABATUNJI010,1150.76
FDC46_BABATUNJI013,7418.09
FDC47_BABATUNJI010,1414.96
FDC47_BABATUNJI013,9357.3
FDC47_BABATUNJI018,8155.92
FDC48_BABATUNJI017,3291.03
FDC48_BABATUNJI019,451.66
FDC48_BABATUNJI035,3194.12
FDC48_BABATUNJI046,3340.52
FDC50_BABATUNJI017,3721.83
FDC50_BABATUNJI018,3178.1
FDC50_BABATUNJI027,6283.54
FDC50_BABATUNJI035,3808.77
FDC50_BABATUNJI045,3735.51
FDC51_BABATUNJI035,4857.41
FDC51_BABATUNJI045,4968.16
FDC53_BABATUNJI018,3377.69
FDC53_BABATUNJI027,6465.41
FDC53_BABATUNJI035,3959.85
FDC56_BABATUNJI035,4777.57
FDC57_BABATUNJI013,7870.47
FDC58_BABATUNJI017,1604.55
FDC58_BABATUNJI018,1224.13
FDC58_BABATUNJI027,3291.77
FDC58_BABATUNJI035,1643.29
FDC59_BABATUNJI017,2450.07
FDC59_BABATUNJI018,2050.93
FDC59_BABATUNJI027,4418.97
FDC59_BABATUNJI035,2519.17
FDC59_BABATUNJI045,2540.15
FDC59_BABATUNJI049,2488.84
FDC60_BABATUNJI017,3467.36
FDC60_BABATUNJI019,499.03
FDC60_BABATUNJI046,3497.95
FDD02_BABATUNJI045,4730.2
FDD03_BABATUNJI013,9482.69
FDD03_BABATUNJI018,8325.19
FDD03_BABATUNJI046,9393.5
FDD05_BABATUNJI027,8054.47
FDD05_BABATUNJI045,4833.35
FDD08_BABATUNJI017,1316.24
FDD08_BABATUNJI018,1000.71
FDD08_BABATUNJI027,2798.66
FDD08_BABATUNJI035,1365.9
FDD08_BABATUNJI049,1346.79
FDD09_BABATUNJI013,7300.99
FDD10_BABATUNJI010,1096.44
FDD10_BABATUNJI013,7178.53
FDD11_BABATUNJI013,10232.89
FDD11_BABATUNJI018,9011.83
FDD14_BABATUNJI013,7447.03
FDD16_BABATUNJI019,398.89
FDD16_BABATUNJI035,2831.0
FDD16_BABATUNJI046,2979.19
FDD17_BABATUNJI010,1480.86
FDD17_BABATUNJI013,9693.69
FDD17_BABATUNJI046,9532.81
FDD17_BABATUNJI049,9661.64
FDD20_BABATUNJI027,8301.36
FDD21_BABATUNJI035,4556.78
FDD26_BABATUNJI010,1158.43
FDD28_BABATUNJI017,2296.89
FDD28_BABATUNJI027,4155.75
FDD28_BABATUNJI046,2305.06
FDD28_BABATUNJI049,2204.63
FDD29_BABATUNJI010,1571.52
FDD29_BABATUNJI013,10243.65
FDD29_BABATUNJI018,9017.75
FDD29_BABATUNJI046,10182.79
FDD29_BABATUNJI049,10289.72
FDD32_BABATUNJI017,3150.76
FDD32_BABATUNJI018,2672.43
FDD33_BABATUNJI013,9496.28
FDD33_BABATUNJI018,8319.09
FDD35_BABATUNJI027,7951.62
FDD35_BABATUNJI035,4756.86
FDD35_BABATUNJI045,4805.92
FDD36_BABATUNJI027,7757.98
FDD38_BABATUNJI017,4039.07
FDD38_BABATUNJI019,603.25
FDD38_BABATUNJI027,6690.35
FDD38_BABATUNJI035,4114.82
FDD38_BABATUNJI045,4086.64
FDD39_BABATUNJI013,8861.99
FDD39_BABATUNJI018,7701.94
FDD39_BABATUNJI046,8814.69
FDD40_BABATUNJI013,7871.79
FDD41_BABATUNJI017,4180.08
FDD41_BABATUNJI027,7053.69
FDD41_BABATUNJI045,4221.95
FDD44_BABATUNJI013,10483.79
FDD44_BABATUNJI018,9212.48
FDD44_BABATUNJI046,10459.21
FDD44_BABATUNJI049,10385.54
FDD45_BABATUNJI018,3216.9
FDD45_BABATUNJI035,3789.46
FDD45_BABATUNJI045,3724.54
FDD47_BABATUNJI013,6942.82
FDD48_BABATUNJI045,4577.36
FDD50_BABATUNJI013,6821.3
FDD51_BABATUNJI019,176.33
FDD51_BABATUNJI027,3262.54
FDD51_BABATUNJI035,1627.82
FDD51_BABATUNJI045,1663.34
FDD51_BABATUNJI049,1715.76
FDD52_BABATUNJI027,7234.76
FDD52_BABATUNJI035,4313.67
FDD53_BABATUNJI017,1566.37
FDD53_BABATUNJI019,158.24
FDD53_BABATUNJI027,3166.86
FDD53_BABATUNJI049,1643.39
FDD57_BABATUNJI017,3747.03
FDD57_BABATUNJI027,6271.13
FDD57_BABATUNJI035,3812.93
FDD58_BABATUNJI018,3375.15
FDD58_BABATUNJI019,581.78
FDD58_BABATUNJI035,3948.71
FDD58_BABATUNJI045,3916.71
FDD59_BABATUNJI017,3153.63
FDD59_BABATUNJI027,5543.89
FDD59_BABATUNJI045,3065.11
FDD59_BABATUNJI046,3080.19
FDE02_BABATUNJI017,3724.69
FDE02_BABATUNJI019,523.12
FDE02_BABATUNJI027,6399.42
FDE04_BABATUNJI010,1113.29
FDE04_BABATUNJI013,7320.51
FDE09_BABATUNJI019,644.34
FDE09_BABATUNJI027,7381.34
FDE09_BABATUNJI045,4362.47
FDE10_BABATUNJI027,8718.7
FDE11_BABATUNJI010,1153.16
FDE11_BABATUNJI013,7486.87
FDE14_BABATUNJI018,3367.67
FDE14_BABATUNJI035,3961.18
FDE14_BABATUNJI045,3916.71
FDE16_BABATUNJI010,1300.03
FDE20_BABATUNJI013,6815.83
FDE21_BABATUNJI027,7617.95
FDE21_BABATUNJI045,4586.96
FDE23_BABATUNJI017,1755.68
FDE23_BABATUNJI018,1381.85
FDE23_BABATUNJI035,1683.83
FDE23_BABATUNJI045,1769.56
FDE23_BABATUNJI046,1733.05
FDE28_BABATUNJI010,1447.95
FDE28_BABATUNJI013,9414.61
FDE28_BABATUNJI049,9234.79
FDE29_BABATUNJI018,1895.2
FDE29_BABATUNJI027,4330.0
FDE29_BABATUNJI045,2363.41
FDE29_BABATUNJI046,2271.49
FDE29_BABATUNJI049,2425.23
FDE32_BABATUNJI017,1422.4
FDE32_BABATUNJI018,1046.24
FDE32_BABATUNJI027,2911.17
FDE32_BABATUNJI035,1344.84
FDE32_BABATUNJI046,1370.4
FDE33_BABATUNJI017,3127.01
FDE33_BABATUNJI019,428.19
FDE33_BABATUNJI027,5448.68
FDE33_BABATUNJI045,3005.42
FDE33_BABATUNJI049,3097.57
FDE34_BABATUNJI010,1129.85
FDE35_BABATUNJI027,4174.45
FDE35_BABATUNJI045,2313.39
FDE35_BABATUNJI049,2242.13
FDE39_BABATUNJI035,4683.78
FDE39_BABATUNJI045,4840.46
FDE40_BABATUNJI017,2403.75
FDE40_BABATUNJI018,1975.65
FDE40_BABATUNJI019,292.23
FDE40_BABATUNJI027,4363.15
FDE40_BABATUNJI045,2452.55
FDE41_BABATUNJI017,3248.77
FDE41_BABATUNJI019,462.99
FDE41_BABATUNJI035,3356.67
FDE41_BABATUNJI045,3384.11
FDE41_BABATUNJI046,3290.51
FDE41_BABATUNJI049,3441.36
FDE44_BABATUNJI017,1885.35
FDE44_BABATUNJI035,1770.42
FDE44_BABATUNJI045,1872.71
FDE44_BABATUNJI046,1932.2
FDE45_BABATUNJI013,7301.16
FDE51_BABATUNJI017,1547.87
FDE51_BABATUNJI019,169.88
FDE51_BABATUNJI027,3164.61
FDE51_BABATUNJI035,1608.13
FDE51_BABATUNJI046,1599.05
FDE52_BABATUNJI027,5982.16
FDE53_BABATUNJI017,4221.81
FDE53_BABATUNJI027,7096.8
FDE53_BABATUNJI045,4221.78
FDE56_BABATUNJI017,2336.13
FDE56_BABATUNJI019,315.53
FDE56_BABATUNJI027,4331.99
FDE56_BABATUNJI035,2431.38
FDE57_BABATUNJI027,9178.32
FDE58_BABATUNJI027,7894.01
FDE59_BABATUNJI017,1282.25
FDE59_BABATUNJI018,913.42
FDE59_BABATUNJI035,1361.69
FDE59_BABATUNJI049,1279.82
FDF02_BABATUNJI017,4061.38
FDF02_BABATUNJI018,3436.04
FDF04_BABATUNJI013,10515.05
FDF04_BABATUNJI018,9254.6
FDF04_BABATUNJI046,10437.9
FDF04_BABATUNJI049,10352.27
FDF05_BABATUNJI013,10781.84
FDF05_BABATUNJI018,9357.68
FDF05_BABATUNJI035,10571.26
FDF05_BABATUNJI045,10674.34
FDF05_BABATUNJI046,10676.51
FDF05_BABATUNJI049,10550.51
FDF08_BABATUNJI018,3008.57
FDF08_BABATUNJI035,3499.59
FDF08_BABATUNJI045,3518.39
FDF08_BABATUNJI046,3561.52
FDF09_BABATUNJI018,1032.28
FDF09_BABATUNJI027,2825.67
FDF09_BABATUNJI035,1363.03
FDF09_BABATUNJI045,1315.11
FDF09_BABATUNJI049,1398.35
FDF11_BABATUNJI018,8521.66
FDF11_BABATUNJI049,9704.17
FDF20_BABATUNJI010,1217.91
FDF20_BABATUNJI013,8088.62
FDF20_BABATUNJI046,7943.79
FDF21_BABATUNJI010,1171.98
FDF21_BABATUNJI013,7625.66
FDF22_BABATUNJI010,1325.08
FDF22_BABATUNJI013,8723.89
FDF22_BABATUNJI046,8646.39
FDF24_BABATUNJI017,3275.54
FDF24_BABATUNJI018,2757.47
FDF24_BABATUNJI027,5549.86
FDF24_BABATUNJI035,3241.36
FDF24_BABATUNJI049,3306.1
FDF28_BABATUNJI027,8221.05
FDF29_BABATUNJI027,8408.07
FDF32_BABATUNJI010,1234.6
FDF32_BABATUNJI013,7980.15
FDF32_BABATUNJI046,8019.58
FDF33_BABATUNJI027,7253.58
FDF33_BABATUNJI035,4309.69
FDF33_BABATUNJI045,4214.82
FDF34_BABATUNJI010,1230.47
FDF35_BABATUNJI017,4216.11
FDF35_BABATUNJI035,4207.21
FDF35_BABATUNJI045,4216.14
FDF38_BABATUNJI046,1465.14
FDF39_BABATUNJI013,10635.47
FDF39_BABATUNJI018,9321.64
FDF39_BABATUNJI045,10650.28
FDF39_BABATUNJI046,10600.47
FDF41_BABATUNJI018,8753.19
FDF41_BABATUNJI046,9905.01
FDF41_BABATUNJI049,9940.6
FDF44_BABATUNJI027,8584.89
FDF45_BABATUNJI017,2275.75
FDF45_BABATUNJI018,1884.03
FDF45_BABATUNJI045,2171.12
FDF45_BABATUNJI049,2221.3
FDF46_BABATUNJI027,7706.78
FDF46_BABATUNJI035,4513.99
FDF46_BABATUNJI045,4613.27
FDF47_BABATUNJI013,9169.23
FDF47_BABATUNJI046,9048.55
FDF52_BABATUNJI010,1130.27
FDF52_BABATUNJI013,7368.48
FDF53_BABATUNJI013,7314.89
FDF56_BABATUNJI010,1130.72
FDF56_BABATUNJI013,7317.54
FDF58_BABATUNJI027,4464.81
FDF58_BABATUNJI046,2524.51
FDG08_BABATUNJI013,6973.15
FDG09_BABATUNJI010,1173.98
FDG09_BABATUNJI013,7543.22
FDG10_BABATUNJI018,1712.87
FDG10_BABATUNJI019,274.99
FDG10_BABATUNJI027,4010.37
FDG10_BABATUNJI035,2114.42
FDG10_BABATUNJI045,2228.37
FDG12_BABATUNJI027,8054.47
FDG12_BABATUNJI045,4849.88
FDG16_BABATUNJI013,8691.03
FDG16_BABATUNJI046,8779.78
FDG17_BABATUNJI018,8691.69
FDG17_BABATUNJI049,9876.47
FDG20_BABATUNJI010,1102.89
FDG22_BABATUNJI017,1306.38
FDG22_BABATUNJI027,2802.91
FDG22_BABATUNJI035,1368.76
FDG22_BABATUNJI046,1272.58
FDG24_BABATUNJI017,3247.43
FDG24_BABATUNJI018,2814.99
FDG24_BABATUNJI027,5514.56
FDG24_BABATUNJI035,3221.83
FDG24_BABATUNJI045,3349.48
FDG24_BABATUNJI046,3339.02
FDG24_BABATUNJI049,3270.12
FDG26_BABATUNJI013,10392.92
FDG26_BABATUNJI018,9063.39
FDG26_BABATUNJI049,10412.25
FDG28_BABATUNJI046,9919.79
FDG29_BABATUNJI017,1498.47
FDG29_BABATUNJI027,2935.67
FDG29_BABATUNJI035,1462.39
FDG29_BABATUNJI046,1588.0
FDG29_BABATUNJI049,1618.31
FDG31_BABATUNJI019,329.06
FDG31_BABATUNJI027,4460.58
FDG31_BABATUNJI035,2488.52
FDG31_BABATUNJI049,2458.37
FDG32_BABATUNJI013,9033.96
FDG32_BABATUNJI046,9052.59
FDG33_BABATUNJI013,6973.15
FDG34_BABATUNJI017,4234.21
FDG34_BABATUNJI027,7152.28
FDG34_BABATUNJI035,4353.85
FDG34_BABATUNJI045,4279.62
FDG38_BABATUNJI017,3369.45
FDG38_BABATUNJI018,2822.49
FDG38_BABATUNJI027,5651.26
FDG38_BABATUNJI045,3411.9
FDG38_BABATUNJI046,3417.92
FDG38_BABATUNJI049,3444.17
FDG40_BABATUNJI017,1188.94
FDG40_BABATUNJI027,2429.92
FDG40_BABATUNJI046,1181.78
FDG41_BABATUNJI017,4460.3
FDG41_BABATUNJI035,4353.85
FDG44_BABATUNJI018,1658.75
FDG44_BABATUNJI019,260.84
FDG44_BABATUNJI027,3914.84
FDG44_BABATUNJI035,2029.15
FDG44_BABATUNJI046,2072.67
FDG44_BABATUNJI049,2131.1
FDG45_BABATUNJI010,1335.72
FDG45_BABATUNJI013,8599.49
FDG46_BABATUNJI027,7420.21
FDG46_BABATUNJI045,4574.72
FDG47_BABATUNJI010,1627.58
FDG47_BABATUNJI013,10705.91
FDG47_BABATUNJI018,9311.99
FDG47_BABATUNJI035,10580.59
FDG47_BABATUNJI046,10509.68
FDG50_BABATUNJI017,3638.16
FDG50_BABATUNJI018,3114.71
FDG50_BABATUNJI045,3548.82
FDG50_BABATUNJI046,3562.85
FDG52_BABATUNJI018,1360.35
FDG52_BABATUNJI027,3378.94
FDG52_BABATUNJI035,1769.25
FDG52_BABATUNJI049,1743.49
FDG56_BABATUNJI017,2409.33
FDG56_BABATUNJI018,1874.97
FDG56_BABATUNJI027,4215.59
FDG56_BABATUNJI035,2332.16
FDG56_BABATUNJI045,2336.81
FDG57_BABATUNJI017,1827.56
FDG57_BABATUNJI018,1449.83
FDG57_BABATUNJI035,1860.17
FDG57_BABATUNJI045,1823.91
FDG57_BABATUNJI046,1824.95
FDG57_BABATUNJI049,1846.39
FDG59_BABATUNJI017,1284.97
FDG59_BABATUNJI018,1105.56
FDG59_BABATUNJI027,2783.91
FDG59_BABATUNJI035,1343.33
FDG59_BABATUNJI045,1446.71
FDG59_BABATUNJI046,1410.81
FDG60_BABATUNJI013,9471.57
FDG60_BABATUNJI046,9426.84
FDG60_BABATUNJI049,9443.51
FDH02_BABATUNJI017,3631.11
FDH02_BABATUNJI018,3022.21
FDH02_BABATUNJI027,6161.92
FDH02_BABATUNJI045,3654.07
FDH04_BABATUNJI017,3639.51
FDH04_BABATUNJI018,3052.2
FDH04_BABATUNJI019,514.49
FDH04_BABATUNJI046,3551.73
FDH05_BABATUNJI018,8276.87
FDH05_BABATUNJI046,9343.87
FDH05_BABATUNJI049,9372.78
FDH08_BABATUNJI046,9275.36
FDH09_BABATUNJI017,1907.89
FDH09_BABATUNJI027,3713.48
FDH09_BABATUNJI035,1902.01
FDH09_BABATUNJI045,2020.71
FDH09_BABATUNJI049,2000.64
FDH10_BABATUNJI010,1192.93
FDH10_BABATUNJI013,7922.6
FDH12_BABATUNJI017,4167.34
FDH12_BABATUNJI019,626.47
FDH12_BABATUNJI045,4263.22
FDH16_BABATUNJI017,3485.52
FDH16_BABATUNJI027,5940.69
FDH16_BABATUNJI046,3553.22
FDH16_BABATUNJI049,3525.35
FDH17_BABATUNJI017,3900.82
FDH17_BABATUNJI019,556.7
FDH17_BABATUNJI035,3853.04
FDH17_BABATUNJI045,3841.99
FDH19_BABATUNJI013,6989.55
FDH20_BABATUNJI017,3891.09
FDH20_BABATUNJI018,3280.4
FDH20_BABATUNJI035,3768.48
FDH20_BABATUNJI045,3878.03
FDH26_BABATUNJI027,9278.91
FDH28_BABATUNJI017,1295.0
FDH28_BABATUNJI018,1004.5
FDH28_BABATUNJI019,125.44
FDH28_BABATUNJI027,2748.64
FDH28_BABATUNJI035,1399.58
FDH28_BABATUNJI045,1351.59
FDH28_BABATUNJI046,1366.2
FDH28_BABATUNJI049,1493.22
FDH31_BABATUNJI019,564.6
FDH31_BABATUNJI027,6549.99
FDH31_BABATUNJI035,3954.2
FDH32_BABATUNJI018,3284.14
FDH32_BABATUNJI027,6558.42
FDH32_BABATUNJI035,3814.26
FDH32_BABATUNJI045,3824.05
FDH33_BABATUNJI017,1549.39
FDH33_BABATUNJI018,1352.92
FDH33_BABATUNJI019,181.29
FDH33_BABATUNJI027,3191.84
FDH33_BABATUNJI035,1563.38
FDH33_BABATUNJI045,1594.85
FDH33_BABATUNJI046,1696.88
FDH33_BABATUNJI049,1651.75
FDH38_BABATUNJI035,4605.04
FDH40_BABATUNJI017,3188.66
FDH40_BABATUNJI018,2608.55
FDH40_BABATUNJI027,5384.28
FDH40_BABATUNJI046,3148.05
FDH41_BABATUNJI013,8725.2
FDH41_BABATUNJI046,8619.38
FDH45_BABATUNJI018,1252.02
FDH45_BABATUNJI019,162.23
FDH45_BABATUNJI035,1569.1
FDH45_BABATUNJI045,1550.19
FDH45_BABATUNJI046,1551.8
FDH45_BABATUNJI049,1573.84
FDH47_BABATUNJI035,3767.15
FDH47_BABATUNJI045,3768.74
FDH48_BABATUNJI017,3332.94
FDH48_BABATUNJI018,2808.68
FDH48_BABATUNJI019,480.7
FDH48_BABATUNJI045,3367.46
FDH48_BABATUNJI049,3362.63
FDH50_BABATUNJI013,7513.15
FDH52_BABATUNJI017,2336.13
FDH52_BABATUNJI019,307.53
FDH52_BABATUNJI027,4194.9
FDH53_BABATUNJI017,3253.15
FDH53_BABATUNJI018,2745.0
FDH53_BABATUNJI035,3244.2
FDH53_BABATUNJI046,3332.21
FDH56_BABATUNJI035,4678.31
FDH56_BABATUNJI045,4657.27
FDH57_BABATUNJI027,8611.56
FDH58_BABATUNJI045,4596.72
FDH60_BABATUNJI046,7957.42
FDI02_BABATUNJI017,4460.13
FDI02_BABATUNJI035,4527.92
FDI04_BABATUNJI013,8009.0
FDI04_BABATUNJI046,8015.53
FDI05_BABATUNJI017,2969.95
FDI05_BABATUNJI046,2919.61
FDI05_BABATUNJI049,3025.85
FDI07_BABATUNJI046,7954.66
FDI08_BABATUNJI018,8910.83
FDI08_BABATUNJI046,9979.71
FDI08_BABATUNJI049,10103.23
FDI09_BABATUNJI018,8548.32
FDI09_BABATUNJI046,9621.18
FDI09_BABATUNJI049,9709.63
FDI10_BABATUNJI013,7009.11
FDI12_BABATUNJI017,3405.63
FDI12_BABATUNJI045,3485.12
FDI12_BABATUNJI046,3553.22
FDI12_BABATUNJI049,3537.77
FDI14_BABATUNJI027,9093.98
FDI15_BABATUNJI013,10736.97
FDI15_BABATUNJI035,10707.78
FDI15_BABATUNJI046,10664.34
FDI15_BABATUNJI049,10650.18
FDI16_BABATUNJI018,1690.35
FDI16_BABATUNJI027,3717.48
FDI16_BABATUNJI035,1997.08
FDI16_BABATUNJI046,2090.89
FDI19_BABATUNJI010,1511.91
FDI19_BABATUNJI013,9888.12
FDI19_BABATUNJI046,9804.71
FDI20_BABATUNJI010,1328.52
FDI20_BABATUNJI013,8565.3
FDI20_BABATUNJI046,8453.82
FDI21_BABATUNJI018,1956.63
FDI21_BABATUNJI027,4425.2
FDI21_BABATUNJI035,2498.24
FDI21_BABATUNJI045,2423.12
FDI21_BABATUNJI046,2452.11
FDI22_BABATUNJI010,1311.95
FDI22_BABATUNJI013,8495.42
FDI22_BABATUNJI046,8372.85
FDI24_BABATUNJI013,7178.53
FDI27_BABATUNJI017,1576.21
FDI27_BABATUNJI027,3175.1
FDI27_BABATUNJI045,1612.99
FDI27_BABATUNJI049,1665.62
FDI28_BABATUNJI018,2571.12
FDI28_BABATUNJI027,5365.88
FDI28_BABATUNJI045,3120.78
FDI28_BABATUNJI046,3052.58
FDI28_BABATUNJI049,3100.39
FDI32_BABATUNJI027,7490.26
FDI32_BABATUNJI035,4650.8
FDI32_BABATUNJI045,4592.59
FDI33_BABATUNJI017,3549.92
FDI33_BABATUNJI027,6060.63
FDI33_BABATUNJI045,3594.55
FDI34_BABATUNJI018,8232.16
FDI34_BABATUNJI046,9386.89
FDI34_BABATUNJI049,9287.07
FDI36_BABATUNJI046,8068.26
FDI38_BABATUNJI010,1283.15
FDI38_BABATUNJI046,8393.25
FDI40_BABATUNJI017,3983.21
FDI40_BABATUNJI018,3362.58
FDI40_BABATUNJI035,3947.21
FDI40_BABATUNJI045,3989.91
FDI44_BABATUNJI017,3049.84
FDI44_BABATUNJI027,5129.58
FDI44_BABATUNJI049,3004.93
FDI45_BABATUNJI013,7139.95
FDI46_BABATUNJI018,9025.12
FDI46_BABATUNJI046,10174.93
FDI46_BABATUNJI049,10245.88
FDI48_BABATUNJI017,1910.77
FDI48_BABATUNJI035,1921.67
FDI48_BABATUNJI049,2049.36
FDI50_BABATUNJI013,9392.83
FDI50_BABATUNJI018,8100.28
FDI50_BABATUNJI049,9245.57
FDI52_BABATUNJI035,4838.2
FDI52_BABATUNJI045,4854.01
FDI56_BABATUNJI017,3671.77
FDI56_BABATUNJI018,3024.76
FDI56_BABATUNJI027,6110.28
FDI56_BABATUNJI046,3620.92
FDI57_BABATUNJI013,7997.96
FDI57_BABATUNJI046,7968.14
FDI58_BABATUNJI017,3747.2
FDI58_BABATUNJI045,3623.48
FDI60_BABATUNJI018,1995.72
FDI60_BABATUNJI045,2382.81
FDI60_BABATUNJI046,2395.21
FDI60_BABATUNJI049,2436.22
FDJ03_BABATUNJI018,1459.82
FDJ03_BABATUNJI045,1822.4
FDJ04_BABATUNJI035,4784.53
FDJ04_BABATUNJI045,4808.73
FDJ07_BABATUNJI027,7628.35
FDJ09_BABATUNJI017,1580.45
FDJ09_BABATUNJI018,1373.07
FDJ09_BABATUNJI035,1753.95
FDJ09_BABATUNJI045,1755.64
FDJ09_BABATUNJI046,1627.03
FDJ09_BABATUNJI049,1703.22
FDJ10_BABATUNJI027,9090.03
FDJ12_BABATUNJI013,8498.21
FDJ14_BABATUNJI017,3060.97
FDJ14_BABATUNJI019,428.41
FDJ14_BABATUNJI046,3063.55
FDJ16_BABATUNJI017,2251.73
FDJ16_BABATUNJI018,1843.71
FDJ16_BABATUNJI035,2247.14
FDJ16_BABATUNJI046,2302.22
FDJ16_BABATUNJI049,2280.97
FDJ20_BABATUNJI045,4896.64
FDJ22_BABATUNJI013,7704.11
FDJ26_BABATUNJI018,7659.54
FDJ26_BABATUNJI046,8686.82
FDJ27_BABATUNJI017,4118.73
FDJ27_BABATUNJI018,3446.06
FDJ27_BABATUNJI045,3999.53
FDJ28_BABATUNJI010,1202.53
FDJ32_BABATUNJI027,4340.22
FDJ32_BABATUNJI045,2320.08
FDJ32_BABATUNJI046,2378.51
FDJ33_BABATUNJI027,7978.08
FDJ33_BABATUNJI035,4931.91
FDJ34_BABATUNJI027,8249.96
FDJ36_BABATUNJI027,6948.39
FDJ36_BABATUNJI035,4129.94
FDJ36_BABATUNJI045,4027.08
FDJ38_BABATUNJI013,7654.57
FDJ40_BABATUNJI027,7206.03
FDJ40_BABATUNJI035,4377.42
FDJ41_BABATUNJI010,1626.61
FDJ41_BABATUNJI013,10585.36
FDJ41_BABATUNJI018,9324.1
FDJ41_BABATUNJI035,10598.12
FDJ41_BABATUNJI046,10547.15
FDJ44_BABATUNJI013,7141.44
FDJ45_BABATUNJI018,942.57
FDJ45_BABATUNJI019,101.2
FDJ45_BABATUNJI027,2540.27
FDJ45_BABATUNJI035,1242.4
FDJ45_BABATUNJI045,1207.32
FDJ45_BABATUNJI049,1286.85
FDJ48_BABATUNJI010,1530.58
FDJ48_BABATUNJI013,9988.53
FDJ48_BABATUNJI046,10007.98
FDJ50_BABATUNJI035,2011.18
FDJ50_BABATUNJI045,1966.25
FDJ50_BABATUNJI049,1950.57
FDJ53_BABATUNJI027,7998.85
FDJ53_BABATUNJI035,4755.37
FDJ55_BABATUNJI010,1404.15
FDJ55_BABATUNJI013,9192.34
FDJ55_BABATUNJI018,7933.24
FDJ55_BABATUNJI046,9030.96
FDJ56_BABATUNJI017,3942.78
FDJ56_BABATUNJI019,582.47
FDJ56_BABATUNJI027,6591.41
FDJ56_BABATUNJI045,4041.18
FDJ57_BABATUNJI010,1158.22
FDJ58_BABATUNJI013,6911.0
FDK02_BABATUNJI035,4835.55
FDK03_BABATUNJI010,1577.36
FDK03_BABATUNJI018,9117.67
FDK03_BABATUNJI046,10321.86
FDK03_BABATUNJI049,10344.44
FDK04_BABATUNJI017,2117.88
FDK04_BABATUNJI027,3904.36
FDK04_BABATUNJI045,2157.22
FDK04_BABATUNJI046,2257.8
FDK08_BABATUNJI018,3391.16
FDK08_BABATUNJI019,593.77
FDK08_BABATUNJI027,6741.92
FDK09_BABATUNJI010,1424.12
FDK09_BABATUNJI046,9232.47
FDK10_BABATUNJI013,7320.51
FDK14_BABATUNJI017,3258.71
FDK14_BABATUNJI018,2731.18
FDK14_BABATUNJI035,3195.45
FDK14_BABATUNJI045,3256.57
FDK14_BABATUNJI046,3296.16
FDK15_BABATUNJI018,3406.27
FDK15_BABATUNJI019,564.6
FDK15_BABATUNJI027,6599.59
FDK15_BABATUNJI035,3991.62
FDK16_BABATUNJI018,3211.81
FDK16_BABATUNJI027,6289.74
FDK16_BABATUNJI035,3833.73
FDK16_BABATUNJI045,3801.96
FDK20_BABATUNJI027,7937.04
FDK20_BABATUNJI045,4841.62
FDK21_BABATUNJI010,1561.69
FDK21_BABATUNJI013,10205.83
FDK21_BABATUNJI018,8868.61
FDK21_BABATUNJI046,10113.46
FDK21_BABATUNJI049,10084.49
FDK22_BABATUNJI010,1355.96
FDK22_BABATUNJI018,7658.23
FDK24_BABATUNJI018,1267.02
FDK24_BABATUNJI019,194.13
FDK24_BABATUNJI027,3275.03
FDK24_BABATUNJI035,1720.32
FDK24_BABATUNJI045,1684.32
FDK24_BABATUNJI046,1744.27
FDK27_BABATUNJI027,7965.97
FDK27_BABATUNJI035,4886.55
FDK28_BABATUNJI010,1595.56
FDK28_BABATUNJI018,9212.48
FDK28_BABATUNJI046,10427.17
FDK33_BABATUNJI013,8618.56
FDK34_BABATUNJI013,9778.02
FDK34_BABATUNJI018,8496.45
FDK36_BABATUNJI017,1865.69
FDK36_BABATUNJI027,3395.42
FDK36_BABATUNJI035,1780.34
FDK36_BABATUNJI046,1799.84
FDK40_BABATUNJI010,1638.69
FDK40_BABATUNJI013,10692.41
FDK40_BABATUNJI018,9433.33
FDK40_BABATUNJI027,14000.0
FDK40_BABATUNJI045,10610.17
FDK40_BABATUNJI046,10580.46
FDK40_BABATUNJI049,10650.34
FDK41_BABATUNJI017,3260.05
FDK41_BABATUNJI027,5874.87
FDK41_BABATUNJI035,3376.19
FDK41_BABATUNJI045,3287.04
FDK41_BABATUNJI046,3355.64
FDK43_BABATUNJI045,5142.82
FDK45_BABATUNJI035,4464.39
FDK45_BABATUNJI045,4447.92
FDK46_BABATUNJI010,1609.33
FDK46_BABATUNJI018,9194.45
FDK48_BABATUNJI017,2927.8
FDK48_BABATUNJI027,5223.12
FDK48_BABATUNJI045,2916.69
FDK48_BABATUNJI046,3019.47
FDK48_BABATUNJI049,2892.98
FDK51_BABATUNJI010,1658.8
FDK51_BABATUNJI013,10793.87
FDK51_BABATUNJI027,14000.0
FDK51_BABATUNJI035,10667.59
FDK51_BABATUNJI046,10732.35
FDK51_BABATUNJI049,10745.98
FDK52_BABATUNJI010,1412.71
FDK52_BABATUNJI013,9104.97
FDK52_BABATUNJI018,7964.8
FDK55_BABATUNJI017,3440.62
FDK55_BABATUNJI018,2972.27
FDK55_BABATUNJI019,503.01
FDK55_BABATUNJI035,3425.89
FDK55_BABATUNJI045,3515.56
FDK56_BABATUNJI010,1159.72
FDK56_BABATUNJI013,7523.89
FDK57_BABATUNJI027,7908.35
FDK58_BABATUNJI018,3387.42
FDK58_BABATUNJI019,597.93
FDK58_BABATUNJI027,6816.29
FDK58_BABATUNJI035,4082.9
FDK58_BABATUNJI045,4046.49
FDK60_BABATUNJI018,3346.56
FDK60_BABATUNJI035,3779.63
FDL02_BABATUNJI019,626.72
FDL03_BABATUNJI013,7912.87
FDL04_BABATUNJI017,4164.66
FDL04_BABATUNJI027,7086.64
FDL04_BABATUNJI035,4185.28
FDL08_BABATUNJI013,10009.1
FDL08_BABATUNJI046,9963.97
FDL10_BABATUNJI017,3960.9
FDL10_BABATUNJI018,3368.86
FDL10_BABATUNJI027,6636.79
FDL10_BABATUNJI035,3871.01
FDL10_BABATUNJI045,4005.18
FDL12_BABATUNJI019,288.61
FDL12_BABATUNJI027,4145.28
FDL12_BABATUNJI035,2297.45
FDL12_BABATUNJI046,2343.96
FDL13_BABATUNJI010,1460.74
FDL13_BABATUNJI013,9449.96
FDL13_BABATUNJI018,8278.03
FDL13_BABATUNJI049,9353.97
FDL16_BABATUNJI017,1683.6
FDL16_BABATUNJI018,1370.49
FDL16_BABATUNJI019,197.33
FDL16_BABATUNJI049,1808.98
FDL20_BABATUNJI017,4354.15
FDL20_BABATUNJI027,7360.55
FDL20_BABATUNJI035,4456.09
FDL20_BABATUNJI045,4481.04
FDL21_BABATUNJI019,135.14
FDL21_BABATUNJI035,1492.02
FDL21_BABATUNJI045,1435.46
FDL21_BABATUNJI046,1525.32
FDL22_BABATUNJI017,3563.87
FDL22_BABATUNJI027,6205.36
FDL22_BABATUNJI035,3585.59
FDL22_BABATUNJI045,3583.41
FDL24_BABATUNJI013,7013.25
FDL25_BABATUNJI017,3615.64
FDL25_BABATUNJI018,3034.66
FDL27_BABATUNJI018,2015.79
FDL27_BABATUNJI045,2538.81
FDL27_BABATUNJI046,2567.54
FDL27_BABATUNJI049,2604.01
FDL28_BABATUNJI013,9430.98
FDL32_BABATUNJI017,4382.12
FDL33_BABATUNJI010,1230.06
FDL33_BABATUNJI013,7926.56
FDL34_BABATUNJI027,9155.63
FDL36_BABATUNJI017,3603.21
FDL36_BABATUNJI018,2956.07
FDL36_BABATUNJI019,514.75
FDL36_BABATUNJI027,5934.48
FDL36_BABATUNJI045,3572.44
FDL38_BABATUNJI018,2957.27
FDL38_BABATUNJI019,495.95
FDL38_BABATUNJI027,5992.34
FDL38_BABATUNJI035,3580.09
FDL38_BABATUNJI045,3582.08
FDL39_BABATUNJI013,7389.32
FDL40_BABATUNJI018,3257.94
FDL40_BABATUNJI019,564.85
FDL40_BABATUNJI027,6341.36
FDL40_BABATUNJI035,3751.83
FDL40_BABATUNJI045,3740.99
FDL43_BABATUNJI017,2950.22
FDL43_BABATUNJI027,5330.82
FDL43_BABATUNJI035,2977.29
FDL43_BABATUNJI046,3000.0
FDL43_BABATUNJI049,2977.36
FDL45_BABATUNJI027,8293.2
FDL45_BABATUNJI035,4944.33
FDL45_BABATUNJI045,5001.19
FDL46_BABATUNJI027,7766.39
FDL46_BABATUNJI035,4769.45
FDL48_BABATUNJI017,1814.85
FDL48_BABATUNJI027,3357.96
FDL48_BABATUNJI035,1813.96
FDL48_BABATUNJI046,1850.05
FDL48_BABATUNJI049,1858.92
FDL51_BABATUNJI013,8730.79
FDL51_BABATUNJI046,8645.1
FDL52_BABATUNJI017,1316.24
FDL52_BABATUNJI018,1004.5
FDL52_BABATUNJI019,143.38
FDL52_BABATUNJI027,2804.91
FDL52_BABATUNJI046,1362.01
FDL56_BABATUNJI018,2961.17
FDL56_BABATUNJI019,476.2
FDL56_BABATUNJI027,5980.17
FDL56_BABATUNJI035,3421.89
FDL56_BABATUNJI045,3403.41
FDL57_BABATUNJI013,10596.43
FDL57_BABATUNJI018,9168.04
FDL57_BABATUNJI049,10452.22
FDL58_BABATUNJI010,1633.13
FDL58_BABATUNJI013,10784.44
FDL58_BABATUNJI018,9428.43
FDL58_BABATUNJI035,10666.3
FDL58_BABATUNJI045,10696.96
FDL58_BABATUNJI046,10587.02
FDL58_BABATUNJI049,10688.83
FDM01_BABATUNJI017,4142.37
FDM01_BABATUNJI018,3429.76
FDM01_BABATUNJI027,6849.25
FDM01_BABATUNJI035,4067.61
FDM02_BABATUNJI017,3478.63
FDM02_BABATUNJI018,2934.91
FDM02_BABATUNJI035,3359.34
FDM02_BABATUNJI046,3446.81
FDM03_BABATUNJI017,4283.14
FDM03_BABATUNJI027,7236.99
FDM03_BABATUNJI035,4211.36
FDM04_BABATUNJI017,1885.35
FDM04_BABATUNJI018,1535.49
FDM04_BABATUNJI035,1955.26
FDM04_BABATUNJI046,2032.54
FDM04_BABATUNJI049,2041.02
FDM08_BABATUNJI010,1408.33
FDM08_BABATUNJI013,9158.24
FDM08_BABATUNJI046,9065.99
FDM10_BABATUNJI013,8678.71
FDM12_BABATUNJI010,1175.71
FDM14_BABATUNJI027,7220.39
FDM14_BABATUNJI035,4291.59
FDM16_BABATUNJI018,2496.07
FDM16_BABATUNJI046,2932.09
FDM20_BABATUNJI013,9988.69
FDM20_BABATUNJI018,8791.82
FDM20_BABATUNJI046,9847.47
FDM21_BABATUNJI049,10329.56
FDM22_BABATUNJI019,236.13
FDM22_BABATUNJI027,3773.62
FDM22_BABATUNJI035,2039.06
FDM25_BABATUNJI013,7055.82
FDM28_BABATUNJI010,1123.91
FDM28_BABATUNJI013,7246.06
FDM32_BABATUNJI018,2944.82
FDM32_BABATUNJI046,3611.3
FDM33_BABATUNJI013,9013.62
FDM33_BABATUNJI018,7832.84
FDM33_BABATUNJI046,8830.69
FDM34_BABATUNJI027,8706.36
FDM36_BABATUNJI013,6905.53
FDM38_BABATUNJI046,2075.68
FDM39_BABATUNJI010,1102.2
FDM39_BABATUNJI013,7247.38
FDM44_BABATUNJI017,4078.15
FDM44_BABATUNJI019,612.47
FDM44_BABATUNJI045,4175.03
FDM45_BABATUNJI035,4898.97
FDM45_BABATUNJI045,4770.05
FDM46_BABATUNJI027,6215.53
FDM46_BABATUNJI035,3704.87
FDM46_BABATUNJI045,3748.14
FDM50_BABATUNJI018,1858.81
FDM50_BABATUNJI027,4195.14
FDM50_BABATUNJI035,2368.7
FDM50_BABATUNJI045,2360.73
FDM51_BABATUNJI017,3951.0
FDM51_BABATUNJI035,4040.01
FDM51_BABATUNJI045,4074.2
FDM56_BABATUNJI017,4291.51
FDM56_BABATUNJI019,654.43
FDM56_BABATUNJI027,7348.41
FDM57_BABATUNJI017,3334.45
FDM57_BABATUNJI035,3249.71
FDM57_BABATUNJI045,3281.55
FDM57_BABATUNJI046,3366.77
FDM58_BABATUNJI017,4436.53
FDM58_BABATUNJI027,7426.64
FDM60_BABATUNJI017,1454.67
FDM60_BABATUNJI018,1185.02
FDM60_BABATUNJI046,1490.29
FDM60_BABATUNJI049,1596.07
FDN01_BABATUNJI010,1095.11
FDN02_BABATUNJI013,8479.13
FDN02_BABATUNJI046,8437.79
FDN03_BABATUNJI010,1550.19
FDN03_BABATUNJI046,10081.36
FDN04_BABATUNJI013,7170.25
FDN08_BABATUNJI027,7655.07
FDN08_BABATUNJI045,4694.49
FDN09_BABATUNJI010,1522.48
FDN09_BABATUNJI013,9881.26
FDN09_BABATUNJI018,8736.41
FDN10_BABATUNJI027,7838.37
FDN10_BABATUNJI035,4796.95
FDN10_BABATUNJI045,4808.73
FDN12_BABATUNJI027,7482.34
FDN12_BABATUNJI045,4392.78
FDN13_BABATUNJI017,3949.66
FDN13_BABATUNJI019,566.91
FDN13_BABATUNJI045,3906.92
FDN15_BABATUNJI027,9110.75
FDN16_BABATUNJI017,4057.19
FDN16_BABATUNJI045,4179.17
FDN22_BABATUNJI013,10211.21
FDN22_BABATUNJI018,8970.94
FDN24_BABATUNJI017,1992.42
FDN24_BABATUNJI019,251.07
FDN24_BABATUNJI027,3825.52
FDN24_BABATUNJI045,2141.98
FDN24_BABATUNJI046,2092.22
FDN25_BABATUNJI018,1799.75
FDN25_BABATUNJI019,259.61
FDN25_BABATUNJI035,2257.03
FDN25_BABATUNJI049,2203.29
FDN27_BABATUNJI027,7718.9
FDN27_BABATUNJI035,4658.92
FDN28_BABATUNJI017,4086.53
FDN28_BABATUNJI018,3454.74
FDN28_BABATUNJI035,4033.03
FDN31_BABATUNJI013,7766.01
FDN33_BABATUNJI027,6236.13
FDN34_BABATUNJI013,6912.49
FDN38_BABATUNJI013,10120.21
FDN38_BABATUNJI018,8969.79
FDN38_BABATUNJI046,10161.61
FDN39_BABATUNJI013,6848.99
FDN45_BABATUNJI046,9082.12
FDN46_BABATUNJI017,4087.88
FDN46_BABATUNJI035,4067.61
FDN46_BABATUNJI045,4002.19
FDN48_BABATUNJI018,3143.34
FDN48_BABATUNJI019,506.98
FDN48_BABATUNJI027,6052.19
FDN48_BABATUNJI035,3545.26
FDN48_BABATUNJI045,3680.34
FDN49_BABATUNJI018,1193.96
FDN49_BABATUNJI035,1517.27
FDN49_BABATUNJI046,1533.7
FDN49_BABATUNJI049,1505.6
FDN50_BABATUNJI018,3152.03
FDN50_BABATUNJI027,6221.74
FDN52_BABATUNJI027,5855.99
FDN57_BABATUNJI027,9215.3
FDN58_BABATUNJI013,9399.54
FDN58_BABATUNJI018,8276.87
FDN58_BABATUNJI046,9339.84
FDN58_BABATUNJI049,9300.42
FDO01_BABATUNJI027,8486.37
FDO01_BABATUNJI045,5159.16
FDO03_BABATUNJI018,8103.91
FDO04_BABATUNJI017,2045.93
FDO04_BABATUNJI018,1641.06
FDO04_BABATUNJI027,3760.9
FDO04_BABATUNJI046,2203.51
FDO09_BABATUNJI013,10643.61
FDO09_BABATUNJI045,10586.1
FDO09_BABATUNJI046,10584.46
FDO09_BABATUNJI049,10678.29
FDO10_BABATUNJI017,2084.03
FDO10_BABATUNJI019,283.03
FDO10_BABATUNJI027,3960.49
FDO10_BABATUNJI035,2240.26
FDO10_BABATUNJI045,2127.92
FDO10_BABATUNJI046,2132.5
FDO11_BABATUNJI010,1558.47
FDO11_BABATUNJI046,10108.17
FDO11_BABATUNJI049,9995.09
FDO12_BABATUNJI013,7934.8
FDO12_BABATUNJI046,7853.18
FDO15_BABATUNJI017,2795.73
FDO15_BABATUNJI018,2400.81
FDO15_BABATUNJI019,381.92
FDO15_BABATUNJI027,4959.87
FDO15_BABATUNJI035,2840.87
FDO15_BABATUNJI049,2850.11
FDO16_BABATUNJI018,2721.12
FDO16_BABATUNJI045,3216.26
FDO16_BABATUNJI046,3305.79
FDO16_BABATUNJI049,3294.99
FDO19_BABATUNJI017,1713.11
FDO19_BABATUNJI018,1427.12
FDO19_BABATUNJI027,3395.42
FDO19_BABATUNJI035,1738.31
FDO19_BABATUNJI045,1802.94
FDO19_BABATUNJI046,1829.13
FDO19_BABATUNJI049,1929.87
FDO20_BABATUNJI013,10271.04
FDO20_BABATUNJI018,8977.01
FDO20_BABATUNJI046,10189.69
FDO20_BABATUNJI049,10260.6
FDO21_BABATUNJI013,9073.48
FDO21_BABATUNJI018,7925.97
FDO21_BABATUNJI046,9139.89
FDO22_BABATUNJI017,3183.1
FDO22_BABATUNJI018,2592.32
FDO22_BABATUNJI035,3057.83
FDO22_BABATUNJI045,3115.12
FDO22_BABATUNJI049,3148.68
FDO23_BABATUNJI017,3693.95
FDO23_BABATUNJI018,3153.23
FDO23_BABATUNJI019,541.12
FDO23_BABATUNJI027,6316.79
FDO23_BABATUNJI035,3702.04
FDO23_BABATUNJI045,3682.99
FDO25_BABATUNJI010,1300.87
FDO25_BABATUNJI046,8505.13
FDO27_BABATUNJI018,3210.61
FDO27_BABATUNJI027,6405.62
FDO27_BABATUNJI045,3759.1
FDO28_BABATUNJI027,8005.03
FDO28_BABATUNJI035,4784.36
FDO31_BABATUNJI017,3086.24
FDO31_BABATUNJI018,2663.72
FDO31_BABATUNJI027,5519.03
FDO31_BABATUNJI046,3134.24
FDO32_BABATUNJI017,1675.12
FDO32_BABATUNJI018,1412.14
FDO32_BABATUNJI027,3277.03
FDO32_BABATUNJI035,1696.44
FDO32_BABATUNJI045,1702.45
FDO32_BABATUNJI046,1724.68
FDO32_BABATUNJI049,1775.57
FDO36_BABATUNJI013,7266.74
FDO37_BABATUNJI010,1437.79
FDO37_BABATUNJI013,9454.05
FDO37_BABATUNJI018,8278.03
FDO37_BABATUNJI049,9285.62
FDO38_BABATUNJI017,2968.43
FDO38_BABATUNJI018,2536.08
FDO38_BABATUNJI027,5363.89
FDO38_BABATUNJI045,3090.28
FDO38_BABATUNJI049,3007.75
FDO39_BABATUNJI013,7456.62
FDO44_BABATUNJI027,7238.97
FDO44_BABATUNJI035,4370.45
FDO44_BABATUNJI045,4383.17
FDO45_BABATUNJI017,3514.95
FDO45_BABATUNJI018,2877.29
FDO45_BABATUNJI027,5959.31
FDO45_BABATUNJI045,3497.59
FDO45_BABATUNJI046,3549.07
FDO46_BABATUNJI013,7598.24
FDO48_BABATUNJI013,8938.31
FDO48_BABATUNJI018,7849.73
FDO48_BABATUNJI046,8881.75
FDO49_BABATUNJI019,216.49
FDO49_BABATUNJI027,3513.79
FDO49_BABATUNJI046,1887.54
FDO49_BABATUNJI049,1875.45
FDO50_BABATUNJI017,3531.6
FDO50_BABATUNJI018,3023.41
FDO50_BABATUNJI027,6238.37
FDO50_BABATUNJI046,3623.58
FDO51_BABATUNJI018,1279.75
FDO51_BABATUNJI027,3146.12
FDO52_BABATUNJI013,6987.07
FDO56_BABATUNJI035,4605.04
FDO56_BABATUNJI045,4761.95
FDO60_BABATUNJI017,1649.68
FDO60_BABATUNJI018,1256.87
FDO60_BABATUNJI027,3139.62
FDO60_BABATUNJI035,1595.52
FDO60_BABATUNJI046,1636.75
FDP03_BABATUNJI035,5021.62
FDP03_BABATUNJI045,4884.25
FDP04_BABATUNJI018,1979.27
FDP04_BABATUNJI027,4306.82
FDP04_BABATUNJI045,2519.25
FDP04_BABATUNJI046,2514.67
FDP04_BABATUNJI049,2451.38
FDP07_BABATUNJI013,8007.68
FDP07_BABATUNJI046,7977.71
FDP08_BABATUNJI013,7877.24
FDP10_BABATUNJI017,4277.77
FDP10_BABATUNJI027,7148.57
FDP10_BABATUNJI035,4139.58
FDP10_BABATUNJI045,4239.85
FDP11_BABATUNJI010,1363.11
FDP11_BABATUNJI013,8896.14
FDP11_BABATUNJI046,8751.33
FDP12_BABATUNJI017,1215.8
FDP12_BABATUNJI035,1278.97
FDP12_BABATUNJI045,1302.67
FDP12_BABATUNJI046,1355.13
FDP12_BABATUNJI049,1373.41
FDP13_BABATUNJI018,1201.54
FDP13_BABATUNJI019,156.03
FDP13_BABATUNJI027,3029.66
FDP13_BABATUNJI049,1480.5
FDP15_BABATUNJI010,1595.37
FDP16_BABATUNJI010,1533.43
FDP16_BABATUNJI018,8689.23
FDP16_BABATUNJI046,9962.52
FDP16_BABATUNJI049,9953.9
FDP19_BABATUNJI045,5161.8
FDP20_BABATUNJI045,5027.28
FDP22_BABATUNJI017,1889.59
FDP22_BABATUNJI018,1592.22
FDP22_BABATUNJI027,3723.96
FDP22_BABATUNJI035,1988.85
FDP22_BABATUNJI045,1939.77
FDP22_BABATUNJI049,1915.85
FDP23_BABATUNJI013,8904.34
FDP23_BABATUNJI018,7754.08
FDP24_BABATUNJI027,7965.97
FDP24_BABATUNJI045,4840.3
FDP25_BABATUNJI010,1353.43
FDP25_BABATUNJI018,7760.2
FDP25_BABATUNJI046,8867.21
FDP26_BABATUNJI017,4192.65
FDP26_BABATUNJI018,3482.11
FDP26_BABATUNJI019,618.22
FDP27_BABATUNJI010,1170.67
FDP27_BABATUNJI013,7720.62
FDP28_BABATUNJI010,1619.65
FDP28_BABATUNJI013,10590.73
FDP28_BABATUNJI018,9256.76
FDP28_BABATUNJI045,10545.98
FDP28_BABATUNJI046,10604.48
FDP28_BABATUNJI049,10614.41
FDP31_BABATUNJI017,2479.64
FDP31_BABATUNJI018,1967.95
FDP31_BABATUNJI027,4537.31
FDP31_BABATUNJI035,2410.27
FDP31_BABATUNJI046,2527.18
FDP33_BABATUNJI013,10475.81
FDP33_BABATUNJI018,9144.09
FDP33_BABATUNJI046,10287.06
FDP36_BABATUNJI017,1806.2
FDP36_BABATUNJI018,1559.39
FDP37_BABATUNJI045,5130.28
FDP38_BABATUNJI017,1941.77
FDP38_BABATUNJI027,3657.33
FDP38_BABATUNJI049,1946.4
FDP39_BABATUNJI017,1998.18
FDP39_BABATUNJI018,1545.47
FDP39_BABATUNJI019,246.19
FDP39_BABATUNJI027,3703.0
FDP39_BABATUNJI045,1984.35
FDP39_BABATUNJI049,1997.81
FDP40_BABATUNJI019,647.31
FDP40_BABATUNJI035,4487.95
FDP44_BABATUNJI035,3984.47
FDP44_BABATUNJI045,4081.0
FDP45_BABATUNJI046,10186.97
FDP45_BABATUNJI049,10225.87
FDP46_BABATUNJI019,495.73
FDP46_BABATUNJI035,3582.93
FDP46_BABATUNJI046,3495.13
FDP49_BABATUNJI018,1705.31
FDP49_BABATUNJI019,261.81
FDP49_BABATUNJI027,3841.99
FDP49_BABATUNJI045,2132.1
FDP49_BABATUNJI046,2165.92
FDP49_BABATUNJI049,2103.24
FDP52_BABATUNJI018,8160.71
FDP52_BABATUNJI046,9299.54
FDP56_BABATUNJI017,1847.22
FDP56_BABATUNJI018,1448.47
FDP56_BABATUNJI027,3399.42
FDP56_BABATUNJI045,1826.59
FDP56_BABATUNJI049,1828.19
FDP57_BABATUNJI017,4115.88
FDP57_BABATUNJI035,4124.46
FDP57_BABATUNJI045,4021.6
FDP58_BABATUNJI018,7817.12
FDP59_BABATUNJI027,6863.63
FDP59_BABATUNJI045,4202.55
FDP60_BABATUNJI017,4040.42
FDP60_BABATUNJI027,6686.13
FDP60_BABATUNJI035,3949.87
FDP60_BABATUNJI045,4063.08
FDQ01_BABATUNJI018,9015.29
FDQ01_BABATUNJI049,10343.0
FDQ03_BABATUNJI013,9715.43
FDQ03_BABATUNJI049,9522.41
FDQ04_BABATUNJI019,156.27
FDQ04_BABATUNJI049,1473.48
FDQ07_BABATUNJI018,7871.56
FDQ07_BABATUNJI046,8962.5
FDQ08_BABATUNJI017,2295.2
FDQ08_BABATUNJI019,312.12
FDQ08_BABATUNJI027,4365.14
FDQ08_BABATUNJI035,2298.62
FDQ08_BABATUNJI045,2382.81
FDQ08_BABATUNJI046,2295.04
FDQ09_BABATUNJI027,7490.26
FDQ09_BABATUNJI035,4617.64
FDQ09_BABATUNJI045,4596.72
FDQ10_BABATUNJI013,6913.82
FDQ11_BABATUNJI018,9174.1
FDQ11_BABATUNJI046,10360.49
FDQ12_BABATUNJI046,9347.89
FDQ13_BABATUNJI019,457.57
FDQ13_BABATUNJI027,5717.61
FDQ13_BABATUNJI035,3299.77
FDQ13_BABATUNJI045,3235.75
FDQ13_BABATUNJI049,3297.81
FDQ15_BABATUNJI027,5620.45
FDQ15_BABATUNJI035,3092.58
FDQ15_BABATUNJI046,3218.71
FDQ15_BABATUNJI049,3241.26
FDQ16_BABATUNJI017,4320.83
FDQ16_BABATUNJI035,4344.22
FDQ16_BABATUNJI045,4303.15
FDQ19_BABATUNJI010,1504.56
FDQ19_BABATUNJI013,9875.87
FDQ20_BABATUNJI017,1403.72
FDQ20_BABATUNJI027,2983.67
FDQ20_BABATUNJI035,1418.95
FDQ20_BABATUNJI045,1530.54
FDQ21_BABATUNJI045,4832.03
FDQ22_BABATUNJI027,2994.42
FDQ22_BABATUNJI045,1428.57
FDQ22_BABATUNJI049,1461.1
FDQ23_BABATUNJI017,4096.26
FDQ23_BABATUNJI019,597.46
FDQ23_BABATUNJI027,6812.07
FDQ23_BABATUNJI035,3984.47
FDQ24_BABATUNJI013,10162.29
FDQ24_BABATUNJI018,8923.98
FDQ26_BABATUNJI017,2312.28
FDQ26_BABATUNJI018,1833.59
FDQ26_BABATUNJI027,4010.12
FDQ26_BABATUNJI035,2294.6
FDQ26_BABATUNJI045,2186.35
FDQ26_BABATUNJI046,2228.4
FDQ26_BABATUNJI049,2248.97
FDQ27_BABATUNJI019,586.83
FDQ31_BABATUNJI018,2903.55
FDQ31_BABATUNJI027,6033.81
FDQ31_BABATUNJI035,3424.56
FDQ31_BABATUNJI049,3475.65
FDQ32_BABATUNJI027,8081.17
FDQ32_BABATUNJI035,5000.93
FDQ34_BABATUNJI017,4269.4
FDQ34_BABATUNJI019,615.68
FDQ34_BABATUNJI035,4251.73
FDQ34_BABATUNJI045,4277.14
FDQ36_BABATUNJI017,1394.04
FDQ36_BABATUNJI018,986.75
FDQ36_BABATUNJI019,130.92
FDQ36_BABATUNJI035,1325.13
FDQ36_BABATUNJI045,1281.49
FDQ36_BABATUNJI046,1413.67
FDQ36_BABATUNJI049,1389.98
FDQ37_BABATUNJI010,1199.47
FDQ37_BABATUNJI013,7852.49
FDQ39_BABATUNJI010,1186.62
FDQ39_BABATUNJI013,7688.92
FDQ40_BABATUNJI013,7175.88
FDQ44_BABATUNJI035,4795.46
FDQ45_BABATUNJI010,1130.48
FDQ45_BABATUNJI013,7398.75
FDQ46_BABATUNJI035,4380.08
FDQ46_BABATUNJI045,4483.85
FDQ47_BABATUNJI017,1224.3
FDQ47_BABATUNJI018,914.78
FDQ47_BABATUNJI035,1186.27
FDQ47_BABATUNJI045,1197.56
FDQ48_BABATUNJI017,3787.5
FDQ48_BABATUNJI018,3319.02
FDQ48_BABATUNJI027,6498.4
FDQ48_BABATUNJI035,3882.16
FDQ51_BABATUNJI017,1771.11
FDQ51_BABATUNJI027,3274.78
FDQ51_BABATUNJI035,1800.01
FDQ52_BABATUNJI013,10071.43
FDQ52_BABATUNJI018,8843.45
FDQ52_BABATUNJI049,10088.66
FDQ55_BABATUNJI027,7657.3
FDQ55_BABATUNJI035,4572.04
FDQ55_BABATUNJI045,4613.27
FDQ56_BABATUNJI018,2787.51
FDQ56_BABATUNJI027,5574.71
FDQ56_BABATUNJI035,3362.34
FDQ56_BABATUNJI046,3296.16
FDQ56_BABATUNJI049,3372.41
FDQ59_BABATUNJI027,5711.4
FDQ59_BABATUNJI035,3320.63
FDQ59_BABATUNJI045,3381.44
FDQ59_BABATUNJI046,3346.0
FDR01_BABATUNJI013,8150.41
FDR02_BABATUNJI045,4418.94
FDR04_BABATUNJI017,3906.53
FDR04_BABATUNJI018,3312.88
FDR04_BABATUNJI027,6581.24
FDR04_BABATUNJI045,3843.49
FDR07_BABATUNJI018,3238.02
FDR07_BABATUNJI019,535.97
FDR07_BABATUNJI027,6482.03
FDR08_BABATUNJI017,4425.32
FDR08_BABATUNJI035,4339.91
FDR08_BABATUNJI045,4394.1
FDR09_BABATUNJI010,1602.94
FDR09_BABATUNJI013,10594.96
FDR09_BABATUNJI018,9210.03
FDR09_BABATUNJI049,10522.7
FDR12_BABATUNJI013,6911.0
FDR14_BABATUNJI017,2082.67
FDR14_BABATUNJI019,253.5
FDR14_BABATUNJI027,3765.14
FDR14_BABATUNJI046,2022.51
FDR20_BABATUNJI017,1690.73
FDR20_BABATUNJI018,1369.28
FDR20_BABATUNJI035,1732.93
FDR20_BABATUNJI045,1751.44
FDR20_BABATUNJI049,1736.64
FDR21_BABATUNJI013,7070.9
FDR22_BABATUNJI027,7284.29
FDR22_BABATUNJI045,4392.78
FDR23_BABATUNJI013,7219.91
FDR24_BABATUNJI017,3510.75
FDR24_BABATUNJI027,5946.9
FDR24_BABATUNJI035,3578.76
FDR24_BABATUNJI045,3468.48
FDR25_BABATUNJI018,9451.19
FDR25_BABATUNJI027,14000.0
FDR25_BABATUNJI045,10730.31
FDR25_BABATUNJI046,10772.34
FDR26_BABATUNJI010,1098.89
FDR26_BABATUNJI013,7231.0
FDR27_BABATUNJI027,8572.55
FDR32_BABATUNJI013,9340.93
FDR32_BABATUNJI046,9189.41
FDR33_BABATUNJI017,4310.94
FDR33_BABATUNJI019,650.75
FDR33_BABATUNJI035,4297.07
FDR33_BABATUNJI045,4372.07
FDR34_BABATUNJI018,8107.55
FDR34_BABATUNJI046,9268.75
FDR34_BABATUNJI049,9249.59
FDR35_BABATUNJI013,8014.44
FDR35_BABATUNJI046,8033.05
FDR36_BABATUNJI017,1439.05
FDR36_BABATUNJI035,1605.44
FDR36_BABATUNJI045,1611.64
FDR37_BABATUNJI010,1125.63
FDR37_BABATUNJI013,7484.22
FDR40_BABATUNJI027,5336.54
FDR40_BABATUNJI049,3118.15
FDR43_BABATUNJI018,1041.23
FDR43_BABATUNJI027,2809.16
FDR43_BABATUNJI035,1356.13
FDR43_BABATUNJI045,1371.26
FDR43_BABATUNJI046,1381.63
FDR43_BABATUNJI049,1437.51
FDR44_BABATUNJI027,8615.76
FDR45_BABATUNJI049,9666.94
FDR47_BABATUNJI010,1223.79
FDR49_BABATUNJI018,1401.84
FDR49_BABATUNJI035,1706.03
FDR49_BABATUNJI046,1880.68
FDR52_BABATUNJI010,1192.51
FDR52_BABATUNJI013,7812.72
FDR55_BABATUNJI013,7631.28
FDR58_BABATUNJI018,3123.41
FDR58_BABATUNJI027,6329.45
FDR58_BABATUNJI035,3573.09
FDR58_BABATUNJI045,3662.38
FDR59_BABATUNJI010,1621.84
FDR59_BABATUNJI013,10715.5
FDR59_BABATUNJI027,14000.0
FDR59_BABATUNJI035,10521.71
FDR59_BABATUNJI046,10591.19
FDR59_BABATUNJI049,10625.11
FDR60_BABATUNJI017,3058.27
FDR60_BABATUNJI018,2514.72
FDR60_BABATUNJI027,5316.14
FDR60_BABATUNJI035,3009.21
FDR60_BABATUNJI046,2981.86
FDS02_BABATUNJI046,7838.4
FDS03_BABATUNJI018,1989.38
FDS03_BABATUNJI019,336.31
FDS03_BABATUNJI027,4547.78
FDS03_BABATUNJI035,2501.08
FDS03_BABATUNJI046,2463.29
FDS09_BABATUNJI017,1840.1
FDS09_BABATUNJI019,215.76
FDS09_BABATUNJI027,3638.61
FDS09_BABATUNJI045,1874.05
FDS10_BABATUNJI010,1107.73
FDS11_BABATUNJI046,9078.09
FDS12_BABATUNJI035,4980.08
FDS13_BABATUNJI010,1650.52
FDS13_BABATUNJI013,10834.5
FDS13_BABATUNJI018,9379.15
FDS13_BABATUNJI019,1618.39
FDS13_BABATUNJI045,10666.16
FDS13_BABATUNJI046,10688.35
FDS15_BABATUNJI017,4323.67
FDS15_BABATUNJI045,4285.26
FDS19_BABATUNJI017,2955.79
FDS19_BABATUNJI035,2949.38
FDS19_BABATUNJI045,2898.5
FDS19_BABATUNJI046,2984.69
FDS19_BABATUNJI049,3057.56
FDS20_BABATUNJI013,7459.43
FDS21_BABATUNJI018,1960.56
FDS21_BABATUNJI019,311.89
FDS21_BABATUNJI049,2484.84
FDS22_BABATUNJI045,1712.35
FDS22_BABATUNJI046,1646.63
FDS23_BABATUNJI045,5089.02
FDS24_BABATUNJI018,2909.85
FDS24_BABATUNJI035,3464.91
FDS24_BABATUNJI045,3425.55
FDS24_BABATUNJI046,3489.65
FDS24_BABATUNJI049,3470.19
FDS25_BABATUNJI017,4435.19
FDS25_BABATUNJI027,7257.54
FDS25_BABATUNJI045,4321.05
FDS26_BABATUNJI010,1617.67
FDS26_BABATUNJI013,10589.43
FDS26_BABATUNJI049,10585.18
FDS27_BABATUNJI013,8028.29
FDS27_BABATUNJI046,7929.01
FDS28_BABATUNJI017,2210.96
FDS28_BABATUNJI018,1784.65
FDS28_BABATUNJI027,4135.06
FDS28_BABATUNJI035,2147.99
FDS28_BABATUNJI045,2140.48
FDS28_BABATUNJI049,2211.63
FDS31_BABATUNJI013,7252.84
FDS32_BABATUNJI027,9262.64
FDS33_BABATUNJI017,3492.58
FDS33_BABATUNJI018,3033.61
FDS33_BABATUNJI019,484.91
FDS33_BABATUNJI027,5857.98
FDS33_BABATUNJI045,3508.74
FDS33_BABATUNJI046,3531.15
FDS34_BABATUNJI027,7420.21
FDS34_BABATUNJI035,4516.81
FDS34_BABATUNJI045,4582.99
FDS35_BABATUNJI017,2469.84
FDS35_BABATUNJI018,2102.51
FDS35_BABATUNJI027,4385.82
FDS35_BABATUNJI045,2497.02
FDS35_BABATUNJI046,2559.2
FDS36_BABATUNJI017,4382.12
FDS36_BABATUNJI035,4367.63
FDS36_BABATUNJI045,4305.81
FDS37_BABATUNJI035,4545.67
FDS37_BABATUNJI045,4682.08
FDS40_BABATUNJI017,1306.38
FDS40_BABATUNJI019,104.21
FDS40_BABATUNJI027,2727.89
FDS40_BABATUNJI045,1325.03
FDS40_BABATUNJI049,1437.51
FDS44_BABATUNJI018,8499.92
FDS44_BABATUNJI046,9680.07
FDS44_BABATUNJI049,9656.02
FDS45_BABATUNJI017,4177.23
FDS45_BABATUNJI019,628.1
FDS45_BABATUNJI035,4276.64
FDS45_BABATUNJI045,4214.98
FDS47_BABATUNJI017,3376.18
FDS47_BABATUNJI027,5903.43
FDS47_BABATUNJI035,3387.03
FDS47_BABATUNJI045,3501.75
FDS47_BABATUNJI046,3470.23
FDS47_BABATUNJI049,3562.61
FDS49_BABATUNJI017,3122.8
FDS49_BABATUNJI018,2624.94
FDS49_BABATUNJI035,3114.96
FDS49_BABATUNJI045,3067.94
FDS50_BABATUNJI046,8932.95
FDS51_BABATUNJI027,4350.68
FDS51_BABATUNJI046,2368.83
FDS51_BABATUNJI049,2397.42
FDS52_BABATUNJI017,4057.19
FDS52_BABATUNJI018,3492.13
FDS52_BABATUNJI019,594.47
FDS52_BABATUNJI027,6797.7
FDS52_BABATUNJI035,3978.98
FDS52_BABATUNJI045,3938.62
FDS56_BABATUNJI010,1631.75
FDS56_BABATUNJI013,10742.49
FDS56_BABATUNJI035,10584.61
FDS56_BABATUNJI046,10525.69
FDS56_BABATUNJI049,10603.71
FDS57_BABATUNJI027,9266.58
FDS59_BABATUNJI027,7296.67
FDS59_BABATUNJI035,4321.97
FDS59_BABATUNJI045,4409.34
FDS60_BABATUNJI013,7370.14
FDT01_BABATUNJI046,8637.17
FDT02_BABATUNJI017,1211.55
FDT02_BABATUNJI018,880.61
FDT02_BABATUNJI035,1215.77
FDT02_BABATUNJI046,1321.58
FDT03_BABATUNJI010,1149.65
FDT04_BABATUNJI017,1398.29
FDT04_BABATUNJI018,1161.21
FDT04_BABATUNJI035,1472.49
FDT04_BABATUNJI045,1470.57
FDT07_BABATUNJI013,10486.56
FDT07_BABATUNJI018,9135.57
FDT07_BABATUNJI046,10313.68
FDT07_BABATUNJI049,10364.27
FDT09_BABATUNJI027,8722.65
FDT10_BABATUNJI017,2172.72
FDT10_BABATUNJI018,1909.09
FDT10_BABATUNJI045,2341.16
FDT10_BABATUNJI046,2211.7
FDT11_BABATUNJI010,1157.54
FDT12_BABATUNJI010,1401.44
FDT12_BABATUNJI013,9252.47
FDT12_BABATUNJI018,8055.67
FDT12_BABATUNJI046,9134.57
FDT13_BABATUNJI010,1165.86
FDT14_BABATUNJI027,7951.62
FDT14_BABATUNJI035,4806.56
FDT15_BABATUNJI010,1130.06
FDT16_BABATUNJI018,9272.48
FDT16_BABATUNJI046,10565.89
FDT16_BABATUNJI049,10583.9
FDT19_BABATUNJI013,7082.16
FDT20_BABATUNJI027,2877.67
FDT20_BABATUNJI035,1452.79
FDT20_BABATUNJI045,1329.07
FDT20_BABATUNJI046,1381.47
FDT20_BABATUNJI049,1470.8
FDT21_BABATUNJI013,10094.44
FDT21_BABATUNJI018,8845.77
FDT21_BABATUNJI046,10051.98
FDT21_BABATUNJI049,10059.18
FDT22_BABATUNJI018,1847.48
FDT22_BABATUNJI027,4170.21
FDT22_BABATUNJI035,2205.2
FDT22_BABATUNJI045,2327.27
FDT22_BABATUNJI049,2264.3
FDT23_BABATUNJI018,2592.47
FDT23_BABATUNJI045,3131.95
FDT23_BABATUNJI046,3051.24
FDT23_BABATUNJI049,3123.96
FDT24_BABATUNJI018,2586.15
FDT24_BABATUNJI027,5173.12
FDT24_BABATUNJI035,3063.51
FDT24_BABATUNJI045,3083.28
FDT24_BABATUNJI046,2994.34
FDT24_BABATUNJI049,3096.24
FDT25_BABATUNJI035,4920.99
FDT25_BABATUNJI045,4866.4
FDT26_BABATUNJI027,7963.99
FDT26_BABATUNJI035,4748.58
FDT26_BABATUNJI045,4822.45
FDT27_BABATUNJI013,9487.93
FDT27_BABATUNJI046,9479.19
FDT31_BABATUNJI013,7713.85
FDT32_BABATUNJI010,1173.09
FDT34_BABATUNJI017,4253.98
FDT34_BABATUNJI035,4240.6
FDT34_BABATUNJI045,4137.55
FDT36_BABATUNJI018,899.6
FDT36_BABATUNJI027,2638.34
FDT36_BABATUNJI045,1281.66
FDT36_BABATUNJI046,1275.44
FDT37_BABATUNJI013,10399.76
FDT38_BABATUNJI018,2838.71
FDT38_BABATUNJI045,3267.56
FDT38_BABATUNJI049,3308.75
FDT40_BABATUNJI027,8249.72
FDT40_BABATUNJI035,5006.23
FDT40_BABATUNJI045,5100.08
FDT43_BABATUNJI017,1883.82
FDT43_BABATUNJI018,1511.43
FDT43_BABATUNJI035,1865.55
FDT43_BABATUNJI045,2017.86
FDT43_BABATUNJI046,1951.61
FDT43_BABATUNJI049,2010.32
FDT44_BABATUNJI045,4706.89
FDT45_BABATUNJI018,1729.34
FDT45_BABATUNJI035,2011.02
FDT45_BABATUNJI046,2042.07
FDT46_BABATUNJI017,1929.06
FDT46_BABATUNJI018,1563.17
FDT46_BABATUNJI019,234.19
FDT46_BABATUNJI027,3588.68
FDT46_BABATUNJI035,1969.2
FDT46_BABATUNJI045,1874.05
FDT47_BABATUNJI027,6413.81
FDT47_BABATUNJI045,3785.35
FDT48_BABATUNJI013,8077.57
FDT48_BABATUNJI046,8042.46
FDT49_BABATUNJI017,4196.67
FDT49_BABATUNJI027,6960.53
FDT49_BABATUNJI035,4300.06
FDT49_BABATUNJI045,4167.9
FDT50_BABATUNJI018,3225.59
FDT50_BABATUNJI027,6535.85
FDT50_BABATUNJI035,3807.43
FDT50_BABATUNJI045,3842.16
FDT51_BABATUNJI019,650.75
FDT52_BABATUNJI018,8766.51
FDT52_BABATUNJI046,9927.82
FDT52_BABATUNJI049,9883.2
FDT56_BABATUNJI018,1851.26
FDT56_BABATUNJI027,4058.01
FDT56_BABATUNJI035,2184.23
FDT56_BABATUNJI045,2134.78
FDT57_BABATUNJI010,1468.1
FDT57_BABATUNJI013,9715.43
FDT57_BABATUNJI049,9626.8
FDT59_BABATUNJI018,8188.6
FDT59_BABATUNJI049,9275.01
FDT60_BABATUNJI045,4987.49
FDU02_BABATUNJI013,9384.65
FDU02_BABATUNJI046,9317.11
FDU02_BABATUNJI049,9241.54
FDU04_BABATUNJI035,4851.94
FDU08_BABATUNJI018,3286.54
FDU08_BABATUNJI027,6649.19
FDU08_BABATUNJI035,3999.94
FDU09_BABATUNJI027,3819.29
FDU09_BABATUNJI049,2142.27
FDU10_BABATUNJI017,1351.58
FDU10_BABATUNJI018,1074.0
FDU10_BABATUNJI049,1440.18
FDU11_BABATUNJI027,7949.4
FDU11_BABATUNJI035,4829.92
FDU11_BABATUNJI045,4783.77
FDU12_BABATUNJI010,1631.94
FDU12_BABATUNJI013,10703.14
FDU12_BABATUNJI018,9450.03
FDU12_BABATUNJI027,14000.0
FDU12_BABATUNJI035,10726.58
FDU12_BABATUNJI045,10656.86
FDU12_BABATUNJI046,10611.04
FDU12_BABATUNJI049,10569.04
FDU14_BABATUNJI010,1556.46
FDU14_BABATUNJI046,10046.68
FDU15_BABATUNJI017,1282.25
FDU15_BABATUNJI045,1376.81
FDU15_BABATUNJI046,1278.12
FDU15_BABATUNJI049,1417.93
FDU16_BABATUNJI045,3244.08
FDU16_BABATUNJI049,3260.5
FDU19_BABATUNJI013,7038.1
FDU20_BABATUNJI027,8035.93
FDU20_BABATUNJI035,4800.93
FDU20_BABATUNJI045,4887.06
FDU21_BABATUNJI017,1244.18
FDU21_BABATUNJI019,107.48
FDU21_BABATUNJI027,2486.22
FDU21_BABATUNJI035,1227.06
FDU21_BABATUNJI045,1175.19
FDU21_BABATUNJI049,1292.55
FDU22_BABATUNJI035,4734.83
FDU24_BABATUNJI017,3629.59
FDU24_BABATUNJI019,526.88
FDU24_BABATUNJI027,6314.8
FDU25_BABATUNJI017,2158.67
FDU25_BABATUNJI018,1843.71
FDU25_BABATUNJI027,3945.77
FDU25_BABATUNJI035,2163.26
FDU25_BABATUNJI045,2193.39
FDU25_BABATUNJI046,2168.6
FDU25_BABATUNJI049,2305.96
FDU26_BABATUNJI027,7848.76
FDU26_BABATUNJI035,4675.5
FDU27_BABATUNJI017,1727.19
FDU27_BABATUNJI027,3328.74
FDU27_BABATUNJI049,1872.78
FDU31_BABATUNJI046,8805.32
FDU32_BABATUNJI027,7951.38
FDU32_BABATUNJI035,4827.1
FDU33_BABATUNJI018,1401.99
FDU33_BABATUNJI019,190.16
FDU33_BABATUNJI027,3266.54
FDU33_BABATUNJI035,1744.03
FDU33_BABATUNJI049,1793.61
FDU34_BABATUNJI027,8270.47
FDU34_BABATUNJI045,5056.17
FDU35_BABATUNJI027,6603.81
FDU35_BABATUNJI045,3962.36
FDU36_BABATUNJI018,3407.62
FDU36_BABATUNJI019,569.03
FDU36_BABATUNJI027,6676.22
FDU36_BABATUNJI035,3868.35
FDU37_BABATUNJI018,2592.32
FDU37_BABATUNJI027,5413.37
FDU37_BABATUNJI035,3036.95
FDU37_BABATUNJI046,3134.24
FDU38_BABATUNJI010,1190.34
FDU38_BABATUNJI013,7782.52
FDU39_BABATUNJI017,2160.03
FDU39_BABATUNJI018,1829.81
FDU39_BABATUNJI027,4078.7
FDU39_BABATUNJI035,2307.17
FDU39_BABATUNJI045,2224.02
FDU39_BABATUNJI046,2253.46
FDU40_BABATUNJI010,1195.55
FDU40_BABATUNJI013,7827.74
FDU43_BABATUNJI013,9712.65
FDU45_BABATUNJI027,7618.2
FDU46_BABATUNJI017,3396.04
FDU46_BABATUNJI027,5758.86
FDU46_BABATUNJI045,3338.33
FDU46_BABATUNJI046,3452.46
FDU46_BABATUNJI049,3511.77
FDU49_BABATUNJI018,2864.98
FDU49_BABATUNJI035,3365.01
FDU49_BABATUNJI045,3396.59
FDU49_BABATUNJI049,3399.93
FDU50_BABATUNJI027,7467.49
FDU50_BABATUNJI045,4643.54
FDU51_BABATUNJI013,7239.27
FDU55_BABATUNJI018,9276.08
FDU55_BABATUNJI049,10512.0
FDU56_BABATUNJI013,7542.07
FDU58_BABATUNJI010,1170.91
FDV02_BABATUNJI013,6879.34
FDV07_BABATUNJI017,4393.34
FDV07_BABATUNJI027,7350.39
FDV07_BABATUNJI045,4412.15
FDV08_BABATUNJI018,1125.58
FDV08_BABATUNJI027,3154.36
FDV08_BABATUNJI045,1485.69
FDV10_BABATUNJI017,1594.71
FDV10_BABATUNJI019,152.04
FDV10_BABATUNJI035,1545.2
FDV10_BABATUNJI045,1534.74
FDV10_BABATUNJI046,1557.33
FDV12_BABATUNJI017,3958.22
FDV12_BABATUNJI018,3388.91
FDV12_BABATUNJI035,3860.03
FDV13_BABATUNJI018,3001.07
FDV13_BABATUNJI027,5922.06
FDV13_BABATUNJI049,3504.64
FDV14_BABATUNJI035,3520.43
FDV14_BABATUNJI049,3525.35
FDV15_BABATUNJI017,4114.37
FDV15_BABATUNJI018,3475.83
FDV15_BABATUNJI019,600.46
FDV15_BABATUNJI027,7024.7
FDV16_BABATUNJI017,1193.19
FDV16_BABATUNJI018,860.41
FDV16_BABATUNJI019,110.48
FDV16_BABATUNJI035,1235.49
FDV16_BABATUNJI046,1282.49
FDV16_BABATUNJI049,1326.03
FDV20_BABATUNJI027,8404.12
FDV21_BABATUNJI027,8206.72
FDV23_BABATUNJI027,8258.12
FDV23_BABATUNJI035,5036.67
FDV23_BABATUNJI045,4977.74
FDV25_BABATUNJI013,9012.14
FDV25_BABATUNJI018,7907.93
FDV26_BABATUNJI013,7862.06
FDV26_BABATUNJI046,7927.72
FDV27_BABATUNJI017,3555.64
FDV27_BABATUNJI019,502.55
FDV27_BABATUNJI045,3442.19
FDV28_BABATUNJI017,1218.69
FDV28_BABATUNJI018,886.99
FDV28_BABATUNJI027,2617.58
FDV28_BABATUNJI035,1113.26
FDV28_BABATUNJI046,1244.73
FDV31_BABATUNJI010,1101.1
FDV32_BABATUNJI017,2451.59
FDV32_BABATUNJI018,1988.17
FDV32_BABATUNJI019,322.3
FDV32_BABATUNJI035,2365.68
FDV32_BABATUNJI045,2499.86
FDV32_BABATUNJI049,2398.75
FDV33_BABATUNJI018,9196.9
FDV33_BABATUNJI046,10409.86
FDV33_BABATUNJI049,10468.2
FDV34_BABATUNJI018,2457.25
FDV34_BABATUNJI045,2840.27
FDV34_BABATUNJI049,2899.95
FDV36_BABATUNJI027,8344.59
FDV36_BABATUNJI045,5089.19
FDV37_BABATUNJI010,1221.61
FDV37_BABATUNJI013,7955.42
FDV38_BABATUNJI017,1967.01
FDV38_BABATUNJI018,1672.66
FDV38_BABATUNJI019,255.47
FDV38_BABATUNJI027,3875.42
FDV38_BABATUNJI035,2086.56
FDV38_BABATUNJI045,2066.61
FDV38_BABATUNJI049,2113.08
FDV39_BABATUNJI013,7988.39
FDV39_BABATUNJI046,8052.03
FDV40_BABATUNJI017,2787.29
FDV40_BABATUNJI035,2895.21
FDV40_BABATUNJI045,2848.61
FDV40_BABATUNJI046,2905.79
FDV43_BABATUNJI017,1615.75
FDV43_BABATUNJI027,3145.87
FDV43_BABATUNJI049,1763.04
FDV44_BABATUNJI013,7768.82
FDV45_BABATUNJI013,7584.53
FDV47_BABATUNJI017,3303.48
FDV47_BABATUNJI018,2823.7
FDV47_BABATUNJI019,468.66
FDV47_BABATUNJI035,3273.24
FDV47_BABATUNJI049,3399.93
FDV48_BABATUNJI017,3038.55
FDV48_BABATUNJI018,2542.24
FDV48_BABATUNJI027,5243.52
FDV48_BABATUNJI049,3139.06
FDV49_BABATUNJI018,9434.48
FDV49_BABATUNJI027,14000.0
FDV49_BABATUNJI035,10612.75
FDV49_BABATUNJI045,10707.7
FDV49_BABATUNJI046,10625.77
FDV49_BABATUNJI049,10683.56
FDV52_BABATUNJI045,4752.36
FDV56_BABATUNJI027,7055.43
FDV56_BABATUNJI045,4355.67
FDV57_BABATUNJI013,7295.7
FDV59_BABATUNJI010,1368.8
FDV59_BABATUNJI018,7728.6
FDV59_BABATUNJI046,8844.26
FDV60_BABATUNJI010,1210.98
FDV60_BABATUNJI013,8011.81
FDW02_BABATUNJI027,8175.83
FDW02_BABATUNJI045,4959.91
FDW03_BABATUNJI035,4213.02
FDW04_BABATUNJI027,8556.25
FDW07_BABATUNJI017,3484.18
FDW07_BABATUNJI027,6081.48
FDW07_BABATUNJI045,3446.35
FDW07_BABATUNJI046,3506.25
FDW08_BABATUNJI027,7041.06
FDW09_BABATUNJI017,3066.7
FDW09_BABATUNJI027,5440.48
FDW09_BABATUNJI045,3120.78
FDW09_BABATUNJI046,3202.25
FDW09_BABATUNJI049,3187.51
FDW11_BABATUNJI017,2386.85
FDW11_BABATUNJI018,1956.79
FDW11_BABATUNJI027,4188.66
FDW11_BABATUNJI049,2380.76
FDW13_BABATUNJI017,1896.53
FDW13_BABATUNJI018,1556.82
FDW13_BABATUNJI019,222.63
FDW13_BABATUNJI027,3727.96
FDW13_BABATUNJI035,1915.95
FDW13_BABATUNJI045,1896.35
FDW13_BABATUNJI046,2005.96
FDW13_BABATUNJI049,1985.29
FDW14_BABATUNJI018,2904.9
FDW14_BABATUNJI035,3446.9
FDW14_BABATUNJI046,3471.72
FDW16_BABATUNJI027,6151.49
FDW19_BABATUNJI017,4403.05
FDW19_BABATUNJI027,7284.29
FDW19_BABATUNJI045,4363.79
FDW20_BABATUNJI027,8212.9
FDW20_BABATUNJI035,4927.78
FDW21_BABATUNJI017,3974.83
FDW21_BABATUNJI027,6595.38
FDW21_BABATUNJI035,4059.46
FDW22_BABATUNJI018,7863.12
FDW23_BABATUNJI019,124.42
FDW23_BABATUNJI035,1452.79
FDW23_BABATUNJI045,1337.47
FDW23_BABATUNJI046,1377.27
FDW23_BABATUNJI049,1387.13
FDW24_BABATUNJI019,210.61
FDW24_BABATUNJI027,3557.73
FDW24_BABATUNJI035,1809.76
FDW24_BABATUNJI045,1890.98
FDW24_BABATUNJI046,1896.07
FDW24_BABATUNJI049,1904.83
FDW25_BABATUNJI027,5850.03
FDW25_BABATUNJI035,3259.39
FDW25_BABATUNJI046,3326.56
FDW25_BABATUNJI049,3311.57
FDW26_BABATUNJI010,1400.62
FDW26_BABATUNJI013,9017.56
FDW26_BABATUNJI046,9056.62
FDW28_BABATUNJI010,1228.11
FDW28_BABATUNJI013,7984.27
FDW28_BABATUNJI046,7950.6
FDW31_BABATUNJI013,8043.29
FDW32_BABATUNJI018,2873.68
FDW32_BABATUNJI019,491.52
FDW32_BABATUNJI035,3391.37
FDW32_BABATUNJI045,3435.37
FDW32_BABATUNJI046,3333.37
FDW33_BABATUNJI017,4226.0
FDW33_BABATUNJI035,4200.4
FDW34_BABATUNJI013,9935.64
FDW34_BABATUNJI046,9871.58
FDW35_BABATUNJI017,1451.78
FDW35_BABATUNJI018,1235.5
FDW35_BABATUNJI019,156.75
FDW35_BABATUNJI035,1508.68
FDW35_BABATUNJI045,1624.23
FDW35_BABATUNJI049,1618.31
FDW36_BABATUNJI019,628.79
FDW36_BABATUNJI027,7055.67
FDW36_BABATUNJI035,4255.88
FDW37_BABATUNJI017,3576.48
FDW37_BABATUNJI027,6031.58
FDW37_BABATUNJI045,3541.84
FDW38_BABATUNJI017,1985.3
FDW38_BABATUNJI018,1620.95
FDW38_BABATUNJI019,262.31
FDW38_BABATUNJI027,3858.71
FDW38_BABATUNJI035,2113.08
FDW38_BABATUNJI046,2055.95
FDW43_BABATUNJI013,9190.86
FDW43_BABATUNJI046,9142.47
FDW44_BABATUNJI013,6830.92
FDW46_BABATUNJI017,2514.78
FDW46_BABATUNJI018,2108.69
FDW46_BABATUNJI019,318.64
FDW46_BABATUNJI035,2470.26
FDW46_BABATUNJI045,2445.36
FDW47_BABATUNJI045,4954.46
FDW48_BABATUNJI017,3160.53
FDW48_BABATUNJI018,2647.34
FDW48_BABATUNJI019,449.53
FDW48_BABATUNJI027,5510.58
FDW48_BABATUNJI035,3177.42
FDW48_BABATUNJI045,3096.95
FDW48_BABATUNJI049,3143.04
FDW49_BABATUNJI013,7268.07
FDW51_BABATUNJI010,1334.22
FDW51_BABATUNJI046,8668.06
FDW55_BABATUNJI010,1560.89
FDW55_BABATUNJI013,10212.68
FDW55_BABATUNJI046,10039.94
FDW56_BABATUNJI010,1195.34
FDW58_BABATUNJI035,4255.88
FDW59_BABATUNJI017,3391.83
FDW59_BABATUNJI019,478.58
FDW59_BABATUNJI035,3239.86
FDW59_BABATUNJI045,3317.52
FDW59_BABATUNJI046,3298.81
FDW60_BABATUNJI013,7079.18
FDX01_BABATUNJI027,7628.35
FDX01_BABATUNJI035,4569.22
FDX01_BABATUNJI045,4660.08
FDX02_BABATUNJI013,9155.46
FDX02_BABATUNJI018,7973.24
FDX02_BABATUNJI046,9091.48
FDX03_BABATUNJI019,180.04
FDX03_BABATUNJI027,3212.58
FDX03_BABATUNJI045,1701.11
FDX03_BABATUNJI049,1803.47
FDX04_BABATUNJI017,1799.25
FDX04_BABATUNJI018,1477.53
FDX04_BABATUNJI019,214.54
FDX04_BABATUNJI027,3322.49
FDX04_BABATUNJI035,1769.08
FDX04_BABATUNJI045,1821.06
FDX04_BABATUNJI046,1897.41
FDX04_BABATUNJI049,1810.15
FDX07_BABATUNJI010,1128.73
FDX09_BABATUNJI013,7207.5
FDX10_BABATUNJI017,1186.05
FDX10_BABATUNJI027,2744.64
FDX10_BABATUNJI045,1180.74
FDX10_BABATUNJI046,1363.52
FDX11_BABATUNJI013,7291.4
FDX12_BABATUNJI010,1506.82
FDX12_BABATUNJI046,9767.25
FDX13_BABATUNJI013,10106.67
FDX13_BABATUNJI018,8885.53
FDX13_BABATUNJI046,10060.01
FDX14_BABATUNJI017,2856.12
FDX14_BABATUNJI019,393.64
FDX14_BABATUNJI046,2944.57
FDX14_BABATUNJI049,3005.1
FDX19_BABATUNJI013,9571.21
FDX19_BABATUNJI018,8342.02
FDX19_BABATUNJI046,9420.24
FDX19_BABATUNJI049,9440.94
FDX20_BABATUNJI013,9291.95
FDX20_BABATUNJI018,8068.89
FDX20_BABATUNJI046,9137.15
FDX21_BABATUNJI019,654.43
FDX21_BABATUNJI027,7280.32
FDX21_BABATUNJI035,4364.97
FDX21_BABATUNJI045,4328.01
FDX22_BABATUNJI046,8434.87
FDX23_BABATUNJI017,3710.75
FDX23_BABATUNJI018,3216.9
FDX23_BABATUNJI035,3810.26
FDX24_BABATUNJI019,524.33
FDX24_BABATUNJI027,6323.24
FDX24_BABATUNJI035,3668.89
FDX24_BABATUNJI045,3720.55
FDX26_BABATUNJI010,1142.18
FDX26_BABATUNJI013,7405.69
FDX27_BABATUNJI018,3175.7
FDX28_BABATUNJI018,3421.23
FDX28_BABATUNJI027,6711.18
FDX28_BABATUNJI035,3925.09
FDX31_BABATUNJI010,1461.75
FDX31_BABATUNJI013,9563.03
FDX31_BABATUNJI018,8342.02
FDX31_BABATUNJI046,9424.27
FDX34_BABATUNJI027,8011.21
FDX34_BABATUNJI035,4842.34
FDX34_BABATUNJI045,4800.3
FDX35_BABATUNJI013,9207.25
FDX35_BABATUNJI046,9219.09
FDX36_BABATUNJI013,9147.26
FDX36_BABATUNJI018,7962.33
FDX36_BABATUNJI046,9135.86
FDX37_BABATUNJI017,3879.84
FDX37_BABATUNJI027,6702.99
FDX37_BABATUNJI035,3973.66
FDX38_BABATUNJI018,1439.69
FDX38_BABATUNJI019,215.28
FDX38_BABATUNJI046,1730.03
FDX39_BABATUNJI010,1311.31
FDX39_BABATUNJI013,8643.38
FDX39_BABATUNJI046,8583.3
FDX40_BABATUNJI017,1425.12
FDX40_BABATUNJI019,143.86
FDX40_BABATUNJI035,1377.01
FDX40_BABATUNJI045,1383.7
FDX40_BABATUNJI046,1452.73
FDX44_BABATUNJI017,3570.93
FDX44_BABATUNJI018,3028.51
FDX44_BABATUNJI027,5948.88
FDX44_BABATUNJI035,3513.42
FDX44_BABATUNJI049,3559.8
FDX46_BABATUNJI027,4028.83
FDX46_BABATUNJI035,2307.17
FDX46_BABATUNJI045,2249.13
FDX46_BABATUNJI046,2215.88
FDX46_BABATUNJI049,2303.13
FDX49_BABATUNJI013,9413.13
FDX50_BABATUNJI017,4393.34
FDX50_BABATUNJI027,7257.54
FDX50_BABATUNJI035,4320.65
FDX50_BABATUNJI045,4412.15
FDX51_BABATUNJI010,1208.58
FDX51_BABATUNJI046,7950.6
FDX55_BABATUNJI046,8864.46
FDX56_BABATUNJI013,8417.45
FDX56_BABATUNJI046,8445.88
FDX57_BABATUNJI017,3826.8
FDX57_BABATUNJI018,3230.53
FDX57_BABATUNJI027,6444.82
FDX58_BABATUNJI010,1126.08
FDX58_BABATUNJI013,7408.5
FDX59_BABATUNJI018,951.53
FDX59_BABATUNJI027,2498.74
FDX59_BABATUNJI045,1234.06
FDX59_BABATUNJI046,1202.76
FDX60_BABATUNJI017,3082.03
FDX60_BABATUNJI018,2641.17
FDX60_BABATUNJI027,5301.47
FDX60_BABATUNJI045,3215.09
FDX60_BABATUNJI046,3192.44
FDY01_BABATUNJI035,4642.51
FDY02_BABATUNJI010,1632.75
FDY02_BABATUNJI018,9314.44
FDY02_BABATUNJI027,14000.0
FDY02_BABATUNJI035,10643.63
FDY02_BABATUNJI045,10541.96
FDY03_BABATUNJI017,4397.36
FDY03_BABATUNJI027,7356.34
FDY03_BABATUNJI045,4420.27
FDY07_BABATUNJI017,1693.44
FDY07_BABATUNJI018,1326.26
FDY07_BABATUNJI027,3304.01
FDY07_BABATUNJI045,1749.93
FDY07_BABATUNJI049,1735.14
FDY08_BABATUNJI027,9237.98
FDY10_BABATUNJI027,7479.86
FDY10_BABATUNJI045,4585.64
FDY11_BABATUNJI017,2551.44
FDY11_BABATUNJI018,2073.56
FDY11_BABATUNJI046,2560.54
FDY11_BABATUNJI049,2563.74
FDY12_BABATUNJI017,1848.58
FDY12_BABATUNJI018,1525.35
FDY12_BABATUNJI046,1891.72
FDY13_BABATUNJI017,2895.42
FDY13_BABATUNJI018,2459.66
FDY13_BABATUNJI019,400.32
FDY13_BABATUNJI035,3044.13
FDY13_BABATUNJI045,3026.43
FDY13_BABATUNJI049,3031.33
FDY14_BABATUNJI013,10705.91
FDY14_BABATUNJI035,10648.93
FDY14_BABATUNJI046,10617.76
FDY14_BABATUNJI049,10679.56
FDY16_BABATUNJI013,7500.75
FDY19_BABATUNJI045,4653.14
FDY20_BABATUNJI017,3597.49
FDY20_BABATUNJI018,3097.18
FDY20_BABATUNJI046,3526.83
FDY21_BABATUNJI010,1227.9
FDY21_BABATUNJI013,7929.36
FDY21_BABATUNJI046,7855.94
FDY24_BABATUNJI018,1632.29
FDY24_BABATUNJI035,1999.76
FDY24_BABATUNJI049,2043.52
FDY25_BABATUNJI013,7276.18
FDY26_BABATUNJI010,1329.56
FDY26_BABATUNJI046,8541.39
FDY27_BABATUNJI013,7281.97
FDY28_BABATUNJI013,8612.97
FDY35_BABATUNJI018,1348.99
FDY35_BABATUNJI019,174.57
FDY35_BABATUNJI027,3416.4
FDY35_BABATUNJI035,1617.89
FDY35_BABATUNJI045,1766.71
FDY35_BABATUNJI049,1668.29
FDY36_BABATUNJI017,2856.29
FDY36_BABATUNJI019,395.82
FDY36_BABATUNJI027,5067.88
FDY36_BABATUNJI045,2775.0
FDY36_BABATUNJI046,2890.64
FDY36_BABATUNJI049,2955.44
FDY38_BABATUNJI013,9409.04
FDY38_BABATUNJI049,9362.01
FDY39_BABATUNJI010,1138.42
FDY40_BABATUNJI017,1770.94
FDY40_BABATUNJI018,1543.05
FDY40_BABATUNJI019,226.58
FDY40_BABATUNJI046,1886.2
FDY44_BABATUNJI046,8010.17
FDY45_BABATUNJI018,9088.8
FDY45_BABATUNJI049,10244.44
FDY47_BABATUNJI027,8469.82
FDY48_BABATUNJI019,607.85
FDY48_BABATUNJI035,4138.25
FDY48_BABATUNJI045,4134.9
FDY50_BABATUNJI017,3512.09
FDY50_BABATUNJI018,3002.27
FDY50_BABATUNJI027,5967.51
FDY50_BABATUNJI035,3538.43
FDY50_BABATUNJI045,3461.49
FDY50_BABATUNJI046,3579.44
FDY51_BABATUNJI018,7843.76
FDY51_BABATUNJI046,8891.28
FDY52_BABATUNJI017,2261.37
FDY52_BABATUNJI019,287.35
FDY52_BABATUNJI045,2437.17
FDY52_BABATUNJI046,2436.93
FDY52_BABATUNJI049,2344.62
FDY55_BABATUNJI013,10440.48
FDY55_BABATUNJI018,9206.56
FDY55_BABATUNJI046,10312.4
FDY55_BABATUNJI049,10382.98
FDY56_BABATUNJI010,1418.33
FDY56_BABATUNJI013,9113.16
FDY56_BABATUNJI018,8019.33
FDY56_BABATUNJI046,9126.5
FDY57_BABATUNJI017,3762.48
FDY57_BABATUNJI018,3274.26
FDY57_BABATUNJI035,3857.37
FDY57_BABATUNJI045,3763.26
FDY58_BABATUNJI018,8072.38
FDY59_BABATUNJI018,3130.9
FDY59_BABATUNJI027,6255.0
FDY59_BABATUNJI035,3598.09
FDY59_BABATUNJI045,3629.14
FDZ01_BABATUNJI027,6834.88
FDZ01_BABATUNJI035,4128.61
FDZ02_BABATUNJI017,3879.84
FDZ02_BABATUNJI027,6517.0
FDZ02_BABATUNJI045,3962.36
FDZ03_BABATUNJI010,1167.86
FDZ04_BABATUNJI017,2464.26
FDZ04_BABATUNJI045,2357.72
FDZ04_BABATUNJI046,2407.72
FDZ04_BABATUNJI049,2436.22
FDZ07_BABATUNJI018,2024.69
FDZ07_BABATUNJI019,312.62
FDZ07_BABATUNJI027,4194.9
FDZ07_BABATUNJI049,2434.89
FDZ08_BABATUNJI017,3143.69
FDZ08_BABATUNJI027,5684.56
FDZ08_BABATUNJI035,3240.02
FDZ08_BABATUNJI045,3213.59
FDZ08_BABATUNJI049,3321.35
FDZ10_BABATUNJI027,8289.0
FDZ13_BABATUNJI017,1883.99
FDZ13_BABATUNJI018,1579.66
FDZ13_BABATUNJI045,1938.42
FDZ13_BABATUNJI046,1855.58
FDZ14_BABATUNJI027,8101.93
FDZ15_BABATUNJI027,7756.0
FDZ15_BABATUNJI035,4700.36
FDZ15_BABATUNJI045,4803.27
FDZ16_BABATUNJI010,1207.96
FDZ16_BABATUNJI013,7885.48
FDZ20_BABATUNJI010,1581.57
FDZ20_BABATUNJI013,10389.01
FDZ20_BABATUNJI046,10189.53
FDZ20_BABATUNJI049,10236.44
FDZ21_BABATUNJI017,3781.96
FDZ21_BABATUNJI018,3314.08
FDZ21_BABATUNJI027,6397.18
FDZ21_BABATUNJI035,3884.99
FDZ22_BABATUNJI017,3260.05
FDZ22_BABATUNJI019,449.27
FDZ22_BABATUNJI027,5732.02
FDZ22_BABATUNJI045,3295.37
FDZ22_BABATUNJI049,3377.88
FDZ23_BABATUNJI010,1150.73
FDZ23_BABATUNJI013,7496.45
FDZ25_BABATUNJI013,6936.03
FDZ26_BABATUNJI010,1489.05
FDZ26_BABATUNJI013,9793.05
FDZ26_BABATUNJI018,8571.36
FDZ26_BABATUNJI046,9626.65
FDZ26_BABATUNJI049,9674.96
FDZ27_BABATUNJI017,1909.41
FDZ27_BABATUNJI019,227.82
FDZ27_BABATUNJI045,1946.81
FDZ27_BABATUNJI049,1972.94
FDZ28_BABATUNJI045,5128.96
FDZ32_BABATUNJI019,626.94
FDZ32_BABATUNJI045,4129.26
FDZ34_BABATUNJI013,7792.09
FDZ34_BABATUNJI046,7838.57
FDZ35_BABATUNJI017,4061.38
FDZ35_BABATUNJI027,6989.77
FDZ35_BABATUNJI035,4028.87
FDZ35_BABATUNJI045,4021.6
FDZ36_BABATUNJI013,7645.15
FDZ37_BABATUNJI027,5824.94
FDZ37_BABATUNJI046,3509.07
FDZ38_BABATUNJI013,6955.25
FDZ39_BABATUNJI017,4032.03
FDZ39_BABATUNJI027,6884.45
FDZ39_BABATUNJI035,4008.08
FDZ39_BABATUNJI045,4075.52
FDZ40_BABATUNJI017,1972.6
FDZ40_BABATUNJI018,1647.41
FDZ40_BABATUNJI027,3914.84
FDZ40_BABATUNJI045,1992.56
FDZ40_BABATUNJI049,2126.93
FDZ43_BABATUNJI013,9847.29
FDZ43_BABATUNJI018,8641.16
FDZ43_BABATUNJI046,9764.51
FDZ44_BABATUNJI035,4617.47
FDZ45_BABATUNJI010,1238.26
FDZ45_BABATUNJI013,8081.69
FDZ46_BABATUNJI017,4322.17
FDZ46_BABATUNJI035,4333.1
FDZ47_BABATUNJI017,3902.17
FDZ47_BABATUNJI027,6661.59
FDZ47_BABATUNJI035,3962.51
FDZ48_BABATUNJI017,4423.98
FDZ48_BABATUNJI045,4442.46
FDZ49_BABATUNJI013,9034.12
FDZ49_BABATUNJI046,8826.65
FDZ51_BABATUNJI017,3826.8
FDZ51_BABATUNJI027,6457.22
FDZ52_BABATUNJI027,7236.74
FDZ52_BABATUNJI035,4476.83
FDZ58_BABATUNJI027,7967.94
FDZ58_BABATUNJI035,4858.9
FDZ60_BABATUNJI019,619.1
FDZ60_BABATUNJI027,7197.86
FDZ60_BABATUNJI035,4210.03
NCA06_BABATUNJI017,1204.41
NCA06_BABATUNJI018,1018.47
NCA06_BABATUNJI027,2677.86
NCA06_BABATUNJI045,1346.05
NCA06_BABATUNJI046,1394.21
NCA06_BABATUNJI049,1282.67
NCA18_BABATUNJI045,4620.05
NCA29_BABATUNJI013,6924.92
NCA30_BABATUNJI010,1182.06
NCA30_BABATUNJI013,7738.61
NCA53_BABATUNJI017,1730.07
NCA53_BABATUNJI018,1483.89
NCA53_BABATUNJI019,197.3
NCA53_BABATUNJI045,1832.29
NCA53_BABATUNJI046,1799.84
NCA53_BABATUNJI049,1934.05
NCA54_BABATUNJI010,1106.4
NCA54_BABATUNJI013,7339.7
NCB07_BABATUNJI010,1221.4
NCB18_BABATUNJI018,2999.87
NCB18_BABATUNJI019,505.37
NCB18_BABATUNJI027,6019.41
NCB18_BABATUNJI035,3419.05
NCB18_BABATUNJI045,3521.21
NCB18_BABATUNJI046,3439.84
NCB18_BABATUNJI049,3532.31
NCB19_BABATUNJI017,3388.97
NCB19_BABATUNJI019,481.63
NCB19_BABATUNJI027,5711.15
NCB19_BABATUNJI035,3408.04
NCB19_BABATUNJI046,3345.83
NCB19_BABATUNJI049,3380.54
NCB30_BABATUNJI010,1225.93
NCB30_BABATUNJI046,8074.91
NCB31_BABATUNJI018,9400.91
NCB31_BABATUNJI027,14000.0
NCB31_BABATUNJI035,10663.73
NCB31_BABATUNJI045,10690.38
NCB31_BABATUNJI046,10564.45
NCB31_BABATUNJI049,10630.38
NCB42_BABATUNJI027,7716.92
NCB42_BABATUNJI035,4674.17
NCB42_BABATUNJI045,4698.62
NCB43_BABATUNJI013,7598.24
NCB55_BABATUNJI018,1792.05
NCB55_BABATUNJI045,2211.47
NCB55_BABATUNJI046,2295.21
NCC07_BABATUNJI027,6878.01
NCC07_BABATUNJI035,4248.9
NCC07_BABATUNJI045,4137.55
NCC19_BABATUNJI013,7812.72
NCC30_BABATUNJI013,7161.97
NCC43_BABATUNJI013,10253.43
NCC43_BABATUNJI018,8950.57
NCC43_BABATUNJI046,10200.44
NCC43_BABATUNJI049,10079.21
NCC54_BABATUNJI010,1493.94
NCC54_BABATUNJI013,9784.72
NCC54_BABATUNJI018,8574.83
NCC54_BABATUNJI049,9670.79
NCC55_BABATUNJI018,979.16
NCC55_BABATUNJI035,1312.5
NCD06_BABATUNJI017,1675.12
NCD06_BABATUNJI018,1366.71
NCD06_BABATUNJI046,1707.93
NCD06_BABATUNJI049,1708.74
NCD18_BABATUNJI013,9291.79
NCD18_BABATUNJI018,8228.53
NCD18_BABATUNJI046,9245.86
NCD19_BABATUNJI017,2122.12
NCD19_BABATUNJI045,2111.17
NCD19_BABATUNJI046,2115.79
NCD19_BABATUNJI049,2057.37
NCD30_BABATUNJI027,6554.21
NCD30_BABATUNJI045,3804.62
NCD42_BABATUNJI018,1118.3
NCD42_BABATUNJI027,2767.4
NCD42_BABATUNJI045,1435.62
NCD42_BABATUNJI049,1350.98
NCD43_BABATUNJI019,620.04
NCD43_BABATUNJI045,4249.46
NCD55_BABATUNJI017,1473.01
NCD55_BABATUNJI027,3085.64
NCD55_BABATUNJI049,1513.79
NCE07_BABATUNJI027,9196.81
NCE18_BABATUNJI013,10101.29
NCE18_BABATUNJI018,8822.92
NCE18_BABATUNJI046,10102.87
NCE19_BABATUNJI019,252.54
NCE19_BABATUNJI027,3775.62
NCE19_BABATUNJI035,2090.76
NCE19_BABATUNJI045,1999.6
NCE19_BABATUNJI046,2016.99
NCE19_BABATUNJI049,2163.11
NCE30_BABATUNJI013,8648.8
NCE30_BABATUNJI046,8499.63
NCE31_BABATUNJI017,1229.91
NCE31_BABATUNJI018,965.34
NCE31_BABATUNJI027,2534.02
NCE31_BABATUNJI045,1308.22
NCE31_BABATUNJI046,1192.86
NCE31_BABATUNJI049,1207.3
NCE42_BABATUNJI013,9534.4
NCE42_BABATUNJI018,8298.49
NCE42_BABATUNJI046,9508.82
NCE54_BABATUNJI017,2860.34
NCE54_BABATUNJI018,2424.59
NCE54_BABATUNJI019,404.39
NCE54_BABATUNJI027,5241.78
NCE54_BABATUNJI035,2988.49
NCE54_BABATUNJI045,2854.12
NCE54_BABATUNJI046,2898.79
NCF06_BABATUNJI010,1613.11
NCF06_BABATUNJI046,10416.43
NCF06_BABATUNJI049,10534.69
NCF07_BABATUNJI017,3990.09
NCF07_BABATUNJI018,3462.22
NCF07_BABATUNJI027,6729.52
NCF07_BABATUNJI035,3941.56
NCF18_BABATUNJI010,1193.61
NCF18_BABATUNJI013,7832.03
NCF19_BABATUNJI017,1742.79
NCF19_BABATUNJI018,1430.91
NCF19_BABATUNJI019,208.4
NCF19_BABATUNJI027,3495.31
NCF42_BABATUNJI010,1098.68
NCF42_BABATUNJI013,7146.91
NCF55_BABATUNJI045,1252.23
NCF55_BABATUNJI046,1204.11
NCG06_BABATUNJI013,10459.37
NCG06_BABATUNJI018,9136.72
NCG06_BABATUNJI046,10403.13
NCG07_BABATUNJI013,7662.82
NCG18_BABATUNJI018,3455.93
NCG18_BABATUNJI027,6843.06
NCG18_BABATUNJI035,4105.01
NCG19_BABATUNJI013,9557.47
NCG19_BABATUNJI049,9407.35
NCG30_BABATUNJI027,8190.16
NCG30_BABATUNJI045,4924.06
NCG42_BABATUNJI045,5119.22
NCG43_BABATUNJI018,3168.36
NCG43_BABATUNJI019,528.54
NCG43_BABATUNJI027,6298.43
NCG43_BABATUNJI045,3612.51
NCH06_BABATUNJI010,1549.03
NCH06_BABATUNJI018,8800.21
NCH18_BABATUNJI010,1537.68
NCH18_BABATUNJI013,9991.31
NCH18_BABATUNJI018,8765.2
NCH18_BABATUNJI049,9905.81
NCH29_BABATUNJI017,3896.63
NCH29_BABATUNJI018,3348.96
NCH29_BABATUNJI035,3823.91
NCH29_BABATUNJI045,3958.21
NCH30_BABATUNJI027,7546.19
NCH30_BABATUNJI035,4563.92
NCH30_BABATUNJI045,4572.07
NCH42_BABATUNJI010,1426.39
NCH42_BABATUNJI018,8164.34
NCH43_BABATUNJI013,8719.78
NCH43_BABATUNJI018,7721.46
NCH55_BABATUNJI027,8227.23
NCH55_BABATUNJI045,5101.56
NCI06_BABATUNJI013,7361.87
NCI17_BABATUNJI017,3765.17
NCI17_BABATUNJI018,3190.54
NCI17_BABATUNJI027,6366.17
NCI17_BABATUNJI045,3828.21
NCI18_BABATUNJI018,7945.46
NCI18_BABATUNJI046,9072.76
NCI29_BABATUNJI027,9135.16
NCI30_BABATUNJI013,9994.08
NCI30_BABATUNJI018,8724.25
NCI30_BABATUNJI046,9961.24
NCI31_BABATUNJI018,938.77
NCI31_BABATUNJI019,117.71
NCI31_BABATUNJI027,2777.9
NCI31_BABATUNJI035,1356.13
NCI31_BABATUNJI045,1274.59
NCI31_BABATUNJI049,1370.56
NCI42_BABATUNJI013,8472.23
NCI42_BABATUNJI046,8366.2
NCI43_BABATUNJI017,1807.73
NCI43_BABATUNJI018,1454.83
NCI43_BABATUNJI027,3472.34
NCI43_BABATUNJI035,1714.43
NCI43_BABATUNJI046,1880.68
NCI54_BABATUNJI017,4396.18
NCI54_BABATUNJI019,649.62
NCI54_BABATUNJI027,7125.53
NCI54_BABATUNJI035,4298.56
NCI54_BABATUNJI045,4369.42
NCI55_BABATUNJI027,8112.06
NCI55_BABATUNJI035,4918.17
NCI55_BABATUNJI045,4834.68
NCJ06_BABATUNJI035,4816.33
NCJ17_BABATUNJI017,3386.28
NCJ17_BABATUNJI018,2833.75
NCJ17_BABATUNJI045,3341.16
NCJ18_BABATUNJI027,7696.14
NCJ18_BABATUNJI035,4755.54
NCJ18_BABATUNJI045,4788.07
NCJ19_BABATUNJI018,1837.52
NCJ19_BABATUNJI027,3885.65
NCJ19_BABATUNJI045,2232.56
NCJ19_BABATUNJI046,2161.75
NCJ29_BABATUNJI018,2901.3
NCJ29_BABATUNJI027,5744.45
NCJ29_BABATUNJI035,3338.65
NCJ29_BABATUNJI045,3391.1
NCJ29_BABATUNJI049,3365.45
NCJ30_BABATUNJI013,6861.43
NCJ31_BABATUNJI013,9735.69
NCJ31_BABATUNJI046,9815.48
NCJ31_BABATUNJI049,9819.22
NCJ42_BABATUNJI017,4050.14
NCJ42_BABATUNJI018,3418.54
NCJ42_BABATUNJI019,596.08
NCJ42_BABATUNJI027,6725.31
NCJ42_BABATUNJI045,4143.19
NCJ54_BABATUNJI013,9393.98
NCJ54_BABATUNJI046,9318.24
NCK05_BABATUNJI017,2244.46
NCK05_BABATUNJI018,1999.49
NCK05_BABATUNJI019,300.48
NCK05_BABATUNJI027,4277.91
NCK05_BABATUNJI035,2315.39
NCK05_BABATUNJI046,2286.69
NCK06_BABATUNJI027,8101.93
NCK06_BABATUNJI035,4898.97
NCK06_BABATUNJI045,4770.05
NCK17_BABATUNJI017,1464.69
NCK17_BABATUNJI019,147.08
NCK17_BABATUNJI027,3029.66
NCK17_BABATUNJI045,1418.65
NCK17_BABATUNJI049,1438.68
NCK19_BABATUNJI010,1209.26
NCK19_BABATUNJI013,7802.99
NCK29_BABATUNJI027,8225.25
NCK29_BABATUNJI035,4890.53
NCK30_BABATUNJI010,1584.77
NCK30_BABATUNJI013,10374.02
NCK30_BABATUNJI018,9014.14
NCK31_BABATUNJI018,1516.58
NCK31_BABATUNJI027,3617.89
NCK31_BABATUNJI046,1928.02
NCK42_BABATUNJI046,8791.91
NCK53_BABATUNJI017,3927.34
NCK53_BABATUNJI018,3316.48
NCK53_BABATUNJI027,6717.37
NCK53_BABATUNJI035,3958.36
NCK54_BABATUNJI027,7578.86
NCK54_BABATUNJI045,4577.36
NCL05_BABATUNJI018,1297.33
NCL05_BABATUNJI019,174.84
NCL05_BABATUNJI027,3068.9
NCL05_BABATUNJI035,1543.69
NCL05_BABATUNJI046,1677.28
NCL05_BABATUNJI049,1623.83
NCL06_BABATUNJI010,1629.58
NCL06_BABATUNJI049,10617.12
NCL07_BABATUNJI019,148.58
NCL07_BABATUNJI027,2904.67
NCL07_BABATUNJI045,1473.26
NCL07_BABATUNJI046,1525.32
NCL18_BABATUNJI013,7904.62
NCL18_BABATUNJI046,7860.01
NCL30_BABATUNJI027,8272.2
NCL41_BABATUNJI017,1242.65
NCL41_BABATUNJI018,984.32
NCL41_BABATUNJI019,101.95
NCL41_BABATUNJI035,1292.95
NCL41_BABATUNJI046,1192.86
NCL41_BABATUNJI049,1286.85
NCL42_BABATUNJI013,10041.74
NCL42_BABATUNJI049,9871.18
NCL53_BABATUNJI010,1097.56
NCL53_BABATUNJI013,7139.95
NCL55_BABATUNJI046,10292.51
NCM05_BABATUNJI010,1635.32
NCM05_BABATUNJI027,14000.0
NCM05_BABATUNJI035,10677.07
NCM05_BABATUNJI046,10597.75
NCM05_BABATUNJI049,10595.72
NCM07_BABATUNJI017,3355.49
NCM07_BABATUNJI018,2832.55
NCM07_BABATUNJI019,464.66
NCM07_BABATUNJI027,5674.13
NCM07_BABATUNJI035,3228.84
NCM07_BABATUNJI046,3321.08
NCM07_BABATUNJI049,3401.42
NCM17_BABATUNJI017,1615.75
NCM17_BABATUNJI018,1351.56
NCM17_BABATUNJI027,3333.23
NCM17_BABATUNJI046,1594.87
NCM18_BABATUNJI027,4263.45
NCM18_BABATUNJI045,2348.02
NCM18_BABATUNJI049,2339.12
NCM19_BABATUNJI027,7412.04
NCM19_BABATUNJI045,4540.29
NCM29_BABATUNJI027,8521.19
NCM30_BABATUNJI017,1461.8
NCM30_BABATUNJI018,1244.44
NCM30_BABATUNJI019,168.93
NCM30_BABATUNJI027,2887.92
NCM30_BABATUNJI046,1564.37
NCM30_BABATUNJI049,1586.38
NCM41_BABATUNJI018,3110.82
NCM41_BABATUNJI045,3768.9
NCM42_BABATUNJI017,4396.18
NCM53_BABATUNJI017,4297.21
NCM53_BABATUNJI045,4159.61
NCM54_BABATUNJI027,8255.89
NCM55_BABATUNJI010,1146.56
NCN14_BABATUNJI010,1148.99
NCN17_BABATUNJI018,3399.99
NCN17_BABATUNJI035,4030.37
NCN18_BABATUNJI027,7395.7
NCN18_BABATUNJI035,4454.76
NCN18_BABATUNJI045,4496.27
NCN19_BABATUNJI013,7708.23
NCN26_BABATUNJI035,4588.46
NCN26_BABATUNJI045,4679.27
NCN29_BABATUNJI017,1861.46
NCN29_BABATUNJI019,205.44
NCN29_BABATUNJI045,1828.1
NCN29_BABATUNJI049,1829.69
NCN30_BABATUNJI018,3317.82
NCN30_BABATUNJI027,6459.21
NCN30_BABATUNJI035,3897.47
NCN43_BABATUNJI027,8225.25
NCN53_BABATUNJI017,1152.04
NCN53_BABATUNJI018,873.02
NCN53_BABATUNJI019,117.47
NCN53_BABATUNJI027,2650.85
NCN53_BABATUNJI035,1325.3
NCN54_BABATUNJI017,2961.35
NCN54_BABATUNJI018,2495.92
NCN54_BABATUNJI035,3088.57
NCN54_BABATUNJI045,2962.39
NCN54_BABATUNJI046,2990.18
NCN55_BABATUNJI018,8586.86
NCN55_BABATUNJI049,9652.01
NCO02_BABATUNJI017,2526.1
NCO02_BABATUNJI018,2118.8
NCO02_BABATUNJI027,4649.4
NCO02_BABATUNJI035,2573.61
NCO02_BABATUNJI045,2548.5
NCO02_BABATUNJI049,2547.09
NCO05_BABATUNJI017,3928.85
NCO05_BABATUNJI018,3403.88
NCO05_BABATUNJI027,6496.41
NCO05_BABATUNJI045,3911.23
NCO06_BABATUNJI018,879.4
NCO06_BABATUNJI027,2611.32
NCO06_BABATUNJI035,1168.06
NCO06_BABATUNJI046,1164.99
NCO07_BABATUNJI046,8635.71
NCO14_BABATUNJI017,1645.44
NCO14_BABATUNJI027,3320.75
NCO14_BABATUNJI035,1557.66
NCO17_BABATUNJI027,8019.61
NCO17_BABATUNJI035,4814.84
NCO18_BABATUNJI013,7229.51
NCO26_BABATUNJI035,4686.6
NCO26_BABATUNJI045,4686.22
NCO30_BABATUNJI013,7378.08
NCO41_BABATUNJI017,3962.41
NCO41_BABATUNJI027,6477.81
NCO41_BABATUNJI035,3822.58
NCO41_BABATUNJI045,3919.53
NCO43_BABATUNJI017,3956.54
NCO43_BABATUNJI018,3406.12
NCO43_BABATUNJI045,4096.26
NCO54_BABATUNJI017,2079.79
NCO54_BABATUNJI018,1777.09
NCO54_BABATUNJI019,245.66
NCO54_BABATUNJI027,3979.19
NCO54_BABATUNJI045,2186.52
NCO54_BABATUNJI046,2136.68
NCO54_BABATUNJI049,2078.22
NCO55_BABATUNJI019,616.56
NCO55_BABATUNJI027,7082.18
NCO55_BABATUNJI045,4199.57
NCP02_BABATUNJI018,1856.24
NCP02_BABATUNJI027,4159.74
NCP14_BABATUNJI017,4221.98
NCP17_BABATUNJI018,2096.18
NCP17_BABATUNJI027,4319.28
NCP17_BABATUNJI046,2552.2
NCP17_BABATUNJI049,2443.05
NCP29_BABATUNJI018,2103.72
NCP29_BABATUNJI027,4443.88
NCP29_BABATUNJI035,2468.92
NCP29_BABATUNJI046,2452.11
NCP30_BABATUNJI017,1398.29
NCP30_BABATUNJI027,2775.65
NCP30_BABATUNJI035,1451.45
NCP30_BABATUNJI045,1474.77
NCP30_BABATUNJI049,1461.1
NCP41_BABATUNJI019,642.53
NCP50_BABATUNJI017,3143.69
NCP50_BABATUNJI018,2609.76
NCP50_BABATUNJI019,426.73
NCP50_BABATUNJI027,5535.44
NCP50_BABATUNJI035,3102.27
NCP50_BABATUNJI046,3099.49
NCP53_BABATUNJI013,9714.12
NCP53_BABATUNJI018,8421.64
NCP54_BABATUNJI035,4969.16
NCP55_BABATUNJI017,2147.5
NCP55_BABATUNJI019,269.87
NCP55_BABATUNJI035,2030.49
NCP55_BABATUNJI045,2119.54
NCQ02_BABATUNJI013,7580.4
NCQ06_BABATUNJI013,10424.19
NCQ06_BABATUNJI018,9073.06
NCQ06_BABATUNJI046,10364.5
NCQ06_BABATUNJI049,10335.0
NCQ18_BABATUNJI017,3972.14
NCQ18_BABATUNJI027,6647.2
NCQ18_BABATUNJI035,3898.8
NCQ29_BABATUNJI046,10477.8
NCQ30_BABATUNJI045,4954.46
NCQ38_BABATUNJI017,4146.39
NCQ38_BABATUNJI019,634.05
NCQ38_BABATUNJI035,4212.86
NCQ38_BABATUNJI045,4217.64
NCQ41_BABATUNJI010,1204.25
NCQ41_BABATUNJI013,7977.51
NCQ42_BABATUNJI027,8422.65
NCQ43_BABATUNJI017,4329.2
NCQ43_BABATUNJI019,648.25
NCQ43_BABATUNJI027,7199.84
NCQ43_BABATUNJI045,4394.27
NCQ50_BABATUNJI013,8707.46
NCQ50_BABATUNJI046,8694.91
NCQ53_BABATUNJI013,9614.71
NCQ53_BABATUNJI018,8434.98
NCQ53_BABATUNJI046,9479.19
NCQ53_BABATUNJI049,9608.17
NCR05_BABATUNJI013,7982.79
NCR05_BABATUNJI046,8087.07
NCR06_BABATUNJI035,1482.09
NCR06_BABATUNJI046,1553.14
NCR06_BABATUNJI049,1625.33
NCR17_BABATUNJI027,7537.53
NCR17_BABATUNJI035,4562.26
NCR17_BABATUNJI045,4649.0
NCR18_BABATUNJI017,1539.55
NCR18_BABATUNJI018,1188.81
NCR18_BABATUNJI027,3208.58
NCR18_BABATUNJI046,1649.48
NCR18_BABATUNJI049,1608.61
NCR29_BABATUNJI018,1823.62
NCR29_BABATUNJI027,3950.01
NCR29_BABATUNJI035,2178.69
NCR29_BABATUNJI045,2083.2
NCR30_BABATUNJI018,2429.56
NCR30_BABATUNJI019,389.56
NCR30_BABATUNJI045,2984.74
NCR30_BABATUNJI049,2981.51
NCR38_BABATUNJI046,10239.1
NCR38_BABATUNJI049,10237.88
NCR41_BABATUNJI017,3742.83
NCR41_BABATUNJI018,3271.71
NCR41_BABATUNJI027,6277.33
NCR41_BABATUNJI045,3843.49
NCR42_BABATUNJI017,1160.71
NCR42_BABATUNJI045,1206.14
NCR53_BABATUNJI010,1414.78
NCR53_BABATUNJI013,9130.87
NCR53_BABATUNJI018,7976.87
NCR54_BABATUNJI013,7929.36
NCR54_BABATUNJI046,8006.11
NCS05_BABATUNJI027,8757.7
NCS06_BABATUNJI013,10708.67
NCS06_BABATUNJI018,9310.83
NCS06_BABATUNJI035,10547.13
NCS06_BABATUNJI045,10562.03
NCS06_BABATUNJI046,10644.5
NCS17_BABATUNJI017,3756.94
NCS17_BABATUNJI018,3254.34
NCS17_BABATUNJI027,6335.4
NCS18_BABATUNJI045,4232.72
NCS29_BABATUNJI013,10854.82
NCS29_BABATUNJI027,14000.0
NCS29_BABATUNJI035,10768.04
NCS29_BABATUNJI049,10749.97
NCS38_BABATUNJI027,7609.79
NCS38_BABATUNJI045,4560.82
NCS42_BABATUNJI017,3558.33
NCS42_BABATUNJI035,3592.59
NCS54_BABATUNJI013,7112.3
NCT05_BABATUNJI013,10443.24
NCT05_BABATUNJI018,9118.83
NCT05_BABATUNJI046,10311.11
NCT17_BABATUNJI013,7574.78
NCT29_BABATUNJI027,8093.53
NCT29_BABATUNJI045,4875.99
NCT30_BABATUNJI017,1720.24
NCT30_BABATUNJI018,1410.77
NCT30_BABATUNJI019,197.8
NCT30_BABATUNJI035,1753.78
NCT30_BABATUNJI049,1874.28
NCT54_BABATUNJI017,3671.43
NCT54_BABATUNJI018,3193.08
NCT54_BABATUNJI035,3683.88
NCU05_BABATUNJI018,2703.69
NCU05_BABATUNJI027,5423.57
NCU05_BABATUNJI035,3223.33
NCU05_BABATUNJI045,3101.12
NCU05_BABATUNJI049,3205.26
NCU06_BABATUNJI013,9395.45
NCU06_BABATUNJI049,9248.14
NCU17_BABATUNJI017,4009.72
NCU17_BABATUNJI018,3423.62
NCU17_BABATUNJI027,6770.92
NCU17_BABATUNJI035,3985.97
NCU17_BABATUNJI045,4128.1
NCU41_BABATUNJI013,7730.19
NCU54_BABATUNJI010,1295.75
NCU54_BABATUNJI046,8420.14
NCV06_BABATUNJI013,7889.61
NCV06_BABATUNJI046,7853.35
NCV18_BABATUNJI035,3301.11
NCV18_BABATUNJI045,3328.67
NCV29_BABATUNJI010,1098.65
NCV29_BABATUNJI013,7179.85
NCV30_BABATUNJI018,1939.13
NCV30_BABATUNJI027,4327.76
NCV30_BABATUNJI045,2357.72
NCV30_BABATUNJI046,2520.34
NCV41_BABATUNJI017,4368.22
NCV41_BABATUNJI027,7245.16
NCV41_BABATUNJI045,4362.47
NCV42_BABATUNJI017,4431.01
NCV53_BABATUNJI010,1492.52
NCV53_BABATUNJI013,9820.17
NCV53_BABATUNJI018,8475.86
NCV53_BABATUNJI046,9613.14
NCV54_BABATUNJI027,7708.51
NCV54_BABATUNJI035,4647.81
NCV54_BABATUNJI045,4800.46
NCW05_BABATUNJI045,4336.29
NCW06_BABATUNJI010,1195.99
NCW17_BABATUNJI027,8523.41
NCW18_BABATUNJI013,9723.6
NCW18_BABATUNJI049,9614.76
NCW29_BABATUNJI027,8636.5
NCW42_BABATUNJI010,1385.35
NCW42_BABATUNJI018,7835.17
NCW53_BABATUNJI013,7768.66
NCW54_BABATUNJI018,1743.1
NCW54_BABATUNJI045,2173.97
NCW54_BABATUNJI046,2124.15
NCW54_BABATUNJI049,2307.46
NCX05_BABATUNJI027,7747.84
NCX05_BABATUNJI035,4657.59
NCX05_BABATUNJI045,4582.82
NCX17_BABATUNJI018,8288.91
NCX18_BABATUNJI010,1225.95
NCX18_BABATUNJI046,7929.01
NCX30_BABATUNJI013,10007.46
NCX30_BABATUNJI018,8848.23
NCX30_BABATUNJI046,10066.75
NCX41_BABATUNJI010,1316.82
NCX41_BABATUNJI046,8525.2
NCX54_BABATUNJI017,4173.04
NCX54_BABATUNJI027,6999.93
NCX54_BABATUNJI035,4193.59
NCX54_BABATUNJI045,4223.27
NCY05_BABATUNJI017,1198.8
NCY05_BABATUNJI027,2725.88
NCY05_BABATUNJI045,1340.5
NCY05_BABATUNJI046,1283.83
NCY05_BABATUNJI049,1226.9
NCY06_BABATUNJI027,8535.51
NCY17_BABATUNJI035,1587.1
NCY17_BABATUNJI045,1635.31
NCY17_BABATUNJI046,1607.43
NCY17_BABATUNJI049,1717.09
NCY18_BABATUNJI013,7065.43
NCY29_BABATUNJI017,2064.22
NCY29_BABATUNJI018,1698.96
NCY29_BABATUNJI019,264.97
NCY29_BABATUNJI027,3931.3
NCY29_BABATUNJI035,2140.94
NCY29_BABATUNJI045,2079.01
NCY29_BABATUNJI046,2188.14
NCY30_BABATUNJI013,7408.5
NCY41_BABATUNJI017,1171.77
NCY41_BABATUNJI027,2636.09
NCY41_BABATUNJI035,1210.04
NCY41_BABATUNJI045,1364.2
NCY41_BABATUNJI046,1252.95
NCY41_BABATUNJI049,1371.9
NCY53_BABATUNJI017,4444.9
NCY53_BABATUNJI027,7315.24
NCZ05_BABATUNJI019,609.7
NCZ05_BABATUNJI035,4145.23
NCZ06_BABATUNJI013,10268.1
NCZ06_BABATUNJI018,9075.52
NCZ06_BABATUNJI046,10174.77
NCZ06_BABATUNJI049,10173.69
NCZ17_BABATUNJI017,1388.44
NCZ17_BABATUNJI018,1000.71
NCZ17_BABATUNJI027,2923.67
NCZ17_BABATUNJI045,1351.59
NCZ17_BABATUNJI046,1424.9
NCZ18_BABATUNJI018,9032.19
NCZ18_BABATUNJI046,10315.12
NCZ18_BABATUNJI049,10273.72
NCZ29_BABATUNJI045,5115.26
NCZ30_BABATUNJI027,8023.57
NCZ30_BABATUNJI035,4817.49
NCZ30_BABATUNJI045,4862.27
NCZ41_BABATUNJI045,5013.58
NCZ42_BABATUNJI010,1487.82
NCZ42_BABATUNJI013,9645.95
NCZ42_BABATUNJI049,9518.39
NCZ53_BABATUNJI010,1172.43
NCZ53_BABATUNJI013,7574.78
